movie_id,title,release_year,imdb_rating,languages,Action,Adventure,Animation,Biography,Comedy,Crime,Drama,Family,Fantasy,History,Horror,Music,Musical,Mystery,News,Romance,Sci-Fi,Sport,Thriller,War,Western
tt28363783,Alpha,2026.0,,Hindi,1,0,0,0,0,0,0,0,0,0,0,0,0,0,0,0,0,0,1,0,0
tt28540171,Welcome To The Jungle,2026.0,,Hindi,1,1,0,0,1,0,0,0,0,0,0,0,0,0,0,0,0,0,0,0,0
tt33014583,Dhurandhar,2025.0,,Hindi,1,0,0,0,0,1,0,0,0,0,0,0,0,0,0,0,0,0,1,0,0
tt39390582,Hanuman Ansh,2026.0,,Hindi,0,0,0,0,0,0,0,1,0,0,0,0,0,0,0,0,0,0,0,0,0
tt39139925,Dhurandhar: The Revenge,2026.0,,Hindi,1,0,0,0,0,1,0,0,0,0,0,0,0,0,0,0,0,0,1,0,0
tt29540862,Bhooth Bangla,2026.0,,Hindi,0,0,0,0,1,0,0,0,0,0,1,0,0,0,0,0,0,0,0,0,0
tt35064672,Cocktail 2,2026.0,,Hindi,0,0,0,0,1,0,0,0,0,0,0,0,0,0,0,1,0,0,0,0,0
tt37333137,Main Vaapas Aaunga,2026.0,,Hindi,0,0,0,0,0,0,1,0,0,0,0,0,0,1,0,1,0,0,0,0,0
tt39632269,Ikka,2026.0,,Hindi,0,0,0,0,0,0,1,0,0,0,0,0,0,0,0,0,0,0,1,0,0
tt15354916,Jawan,2023.0,,Hindi,1,0,0,0,0,0,0,0,0,0,0,0,0,0,0,0,0,0,1,0,0
tt36118360,Tu Yaa Main,2026.0,,Hindi,0,0,0,0,0,0,0,0,0,0,0,0,0,0,0,1,0,0,1,0,0
tt28259207,Kill,2024.0,,Hindi,1,0,0,0,0,1,1,0,0,0,0,0,0,0,0,0,0,0,1,0,0
tt27673536,Mardaani 3,2026.0,,Hindi,1,0,0,0,0,1,0,0,0,0,0,0,0,0,0,0,0,0,1,0,0
tt27235410,Sitaare Zameen Par,2025.0,,Hindi,0,0,0,0,1,0,1,0,0,0,0,0,0,0,0,0,0,0,0,0,0
tt33054858,Pati Patni Aur Woh Do,2026.0,,Hindi,0,0,0,0,1,0,1,0,0,0,0,0,0,0,0,1,0,0,0,0,0
tt27425164,War 2,2025.0,,Hindi,1,0,0,0,0,0,0,0,0,0,0,0,0,0,0,0,0,0,1,0,0
tt11112532,Agra,2025.0,,Hindi,0,0,0,0,0,0,1,0,0,0,0,0,0,0,0,0,0,0,0,0,0
tt28037987,Saiyaara,2025.0,,Hindi,0,0,0,0,0,0,1,0,0,0,0,1,0,0,0,1,0,0,0,0,0
tt39664733,Kartavya,2026.0,,Hindi,0,0,0,0,0,1,1,0,0,0,0,0,0,0,0,0,0,0,1,0,0
tt5074352,Dangal,2016.0,,Hindi,0,0,0,0,1,0,1,1,0,0,0,0,0,0,0,0,0,0,0,0,0
tt39631179,Accused,2026.0,,Hindi,0,0,0,0,0,0,1,0,0,0,0,0,0,1,0,0,0,0,1,0,0
tt30447822,Hai Jawani Toh Ishq Hona Hai,2026.0,,Hindi,0,0,0,0,1,0,0,0,0,0,0,0,0,0,0,1,0,0,0,0,0
tt28089784,Satluj,2026.0,,Hindi,0,0,0,0,0,1,1,0,0,1,0,0,0,0,0,0,0,0,0,0,0
tt34498610,Toaster,2026.0,,Hindi,1,0,0,0,1,1,0,0,0,0,0,0,0,0,0,0,0,0,0,0,0
tt13751694,Animal,2023.0,,Hindi,1,0,0,0,0,1,1,0,0,0,0,0,0,0,0,0,0,0,0,0,0
tt28007064,Superboys of Malegaon,2025.0,,Hindi,0,0,0,0,1,0,1,0,0,0,0,0,0,0,0,0,0,0,0,0,0
tt18411490,Tiger 3,2023.0,,Hindi,1,1,0,0,0,0,0,0,0,0,0,0,0,0,0,0,0,0,1,0,0
tt12844910,Pathaan,2023.0,,Hindi,1,1,0,0,0,0,0,0,0,0,0,0,0,0,0,0,0,0,1,0,0
tt18277182,Girls Will Be Girls,2024.0,,Hindi,0,0,0,0,0,0,1,0,0,0,0,0,0,0,0,1,0,0,0,0,0
tt27989067,Lust Stories 2,2023.0,,Hindi,0,0,0,0,0,0,1,0,0,0,0,0,0,0,0,1,0,0,0,0,0
tt2112124,Chennai Express,2013.0,,Hindi,1,0,0,0,1,0,0,0,0,0,0,0,0,0,0,1,0,0,0,0,0
tt13818368,Fighter,2024.0,,Hindi,1,0,0,0,0,0,1,0,0,0,0,0,0,0,0,0,0,0,0,0,0
tt23849204,12th Fail,2023.0,,Hindi,0,0,0,0,0,0,1,0,0,0,0,0,0,0,0,0,0,0,0,0,0
tt21383812,Crew,2024.0,,Hindi,0,0,0,0,1,0,0,0,0,0,0,0,0,0,0,0,0,0,0,0,0
tt34498111,Chand Mera Dil,2026.0,,Hindi,0,0,0,0,0,0,1,0,0,0,0,0,0,0,0,1,0,0,0,0,0
tt1020937,Awarapan,2007.0,,Hindi,1,0,0,0,0,1,1,0,0,0,0,0,0,0,0,0,0,0,0,0,0
tt36822418,Governor,2026.0,,Hindi,0,0,0,0,0,0,1,0,0,0,0,0,0,0,0,0,0,0,1,0,0
tt41804839,Krishnavataram Part 1: The Heart (Hridayam),2026.0,,Hindi,0,1,0,0,0,0,1,0,0,0,0,0,0,0,0,1,0,0,0,0,0
tt1024943,Om Shanti Om,2007.0,,Hindi,0,0,0,0,1,0,1,0,0,0,0,0,0,0,0,0,0,0,1,0,0
tt6277462,Brahmāstra Part One: Shiva,2022.0,,Hindi,1,1,0,0,0,0,0,0,1,0,0,0,0,0,0,0,0,0,0,0,0
tt7430722,War,2019.0,,Hindi,1,1,0,0,0,0,0,0,0,0,0,0,0,0,0,0,0,0,1,0,0
tt11976134,Singham Again,2024.0,,Hindi,1,0,0,0,0,1,1,0,0,0,0,0,0,0,0,0,0,0,1,0,0
tt33538438,Maa Behen,2026.0,,Hindi,0,0,0,0,1,0,1,0,0,0,0,0,0,0,0,0,0,0,1,0,0
tt31712434,Sikandar,2025.0,,Hindi,1,0,0,0,0,0,1,0,0,0,0,0,0,0,0,0,0,0,0,0,0
tt26733325,Homebound,2025.0,,Hindi,0,0,0,0,0,0,1,0,0,0,0,0,0,0,0,0,0,0,0,0,0
tt27843798,Jewel Thief - The Heist Begins,2025.0,,Hindi,1,0,0,0,0,0,0,0,0,0,0,0,0,0,0,0,0,0,1,0,0
tt13793230,Jaadugar,2022.0,,Hindi,0,0,0,0,1,0,1,0,0,0,0,0,0,0,0,1,0,0,0,0,0
tt0213890,Mohabbatein,2000.0,,Hindi,0,0,0,0,0,0,1,0,0,0,0,0,0,0,0,1,0,0,0,0,0
tt31226272,Do Deewane Seher Mein,2026.0,,Hindi,0,0,0,0,1,0,1,0,0,0,0,0,0,0,0,1,0,0,0,0,0
tt37443891,Raat Akeli Hai - The Bansal Murders,2025.0,,Hindi,0,0,0,0,0,1,1,0,0,0,0,0,0,1,0,0,0,0,1,0,0
tt28102562,Thamma,2025.0,,Hindi,0,0,0,0,1,0,0,0,0,0,1,0,0,0,0,0,0,0,0,0,0
tt1182937,Rab Ne Bana Di Jodi,2008.0,,Hindi,0,0,0,0,1,0,1,0,0,0,0,0,0,0,0,1,0,0,0,0,0
tt9104736,Housefull 5,2025.0,,Hindi,0,0,0,0,1,0,0,0,0,0,0,0,0,1,0,0,0,0,1,0,0
tt6588966,Hichki,2018.0,,Hindi,0,0,0,0,1,0,1,0,0,0,0,0,0,0,0,0,0,0,0,0,0
tt1562871,Ra.One,2011.0,,Hindi,1,1,0,0,0,0,0,0,0,0,0,0,0,0,0,0,1,0,0,0,0
tt2016894,Ek Tha Tiger,2012.0,,Hindi,1,0,0,0,0,0,0,0,0,0,0,0,0,0,0,1,0,0,1,0,0
tt10028196,Laal Singh Chaddha,2022.0,,Hindi,0,0,0,0,1,0,1,0,0,0,0,0,0,0,0,1,0,0,0,0,0
tt27922706,Chhaava,2025.0,,Hindi,1,0,0,0,0,0,1,0,0,1,0,0,0,0,0,0,0,0,0,0,0
tt7142506,Sir,2018.0,,Hindi,0,0,0,0,0,0,1,0,0,0,0,0,0,0,0,1,0,0,0,0,0
tt2510874,Yamla Pagla Deewana 2,2013.0,,Hindi,1,0,0,0,1,0,0,0,0,0,0,0,0,0,0,0,0,0,0,0,0
tt10083340,Gangubai Kathiawadi,2022.0,,Hindi,0,0,0,0,0,1,1,0,0,1,0,0,0,0,0,0,0,0,0,0,0
tt0347473,Main Hoon Na,2004.0,,Hindi,0,0,0,0,0,0,1,0,0,0,0,0,0,0,0,0,0,0,0,0,0
tt30176955,Vadh 2,2026.0,,Hindi,0,0,0,0,0,1,1,0,0,0,0,0,0,0,0,0,0,0,1,0,0
tt8108198,Andhadhun,2018.0,,Hindi,0,0,0,0,1,1,0,0,0,0,0,0,0,1,0,0,0,0,1,0,0
tt2461132,Happy New Year,2014.0,,Hindi,1,1,0,0,1,1,0,0,0,0,0,0,0,0,0,0,0,0,0,0,0
tt10786774,Sam Bahadur,2023.0,,Hindi,0,0,0,0,0,0,1,0,0,1,0,0,0,0,0,0,0,0,0,1,0
tt32223398,Jaat,2025.0,,Hindi,1,0,0,0,0,1,0,0,0,0,0,0,0,0,0,0,0,0,1,0,0
tt15428134,Dunki,2023.0,,Hindi,0,1,0,0,1,0,1,0,0,0,0,0,0,0,0,0,0,0,0,0,0
tt37161355,Daadi Ki Shaadi,2026.0,,Hindi,0,0,0,0,1,0,1,1,0,0,0,0,0,0,0,0,0,0,0,0,0
tt26229612,The Diplomat,2025.0,,Hindi,0,0,0,0,0,0,1,0,0,0,0,0,0,0,0,0,0,0,1,0,0
tt29330913,Vicky Vidya Ka Woh Wala Video,2024.0,,Hindi,0,0,0,0,1,0,0,0,0,0,0,0,0,0,0,0,0,0,0,0,0
tt36201830,System,2026.0,,Hindi,0,0,0,0,0,0,0,0,0,0,0,0,0,0,0,0,0,0,1,0,0
tt29247040,Baramulla,2025.0,,Hindi,0,0,0,0,0,0,0,0,0,0,1,0,0,0,0,0,0,0,0,0,0
tt27852049,Deva,2025.0,,Hindi,1,0,0,0,0,1,0,0,0,0,0,0,0,1,0,0,0,0,1,0,0
tt27996020,Jolly LLB 3,2025.0,,Hindi,0,0,0,0,1,0,1,0,0,0,0,0,0,0,0,0,0,0,0,0,0
tt28075881,Do Patti,2024.0,,Hindi,0,0,0,0,0,0,1,0,0,0,0,0,0,0,0,0,0,0,1,0,0
tt5935704,Padmaavat,2018.0,,Hindi,0,0,0,0,0,0,1,0,0,1,0,0,0,0,0,1,0,0,0,0,0
tt12915716,Adipurush,2023.0,,Hindi,1,1,0,0,0,0,0,0,1,0,0,0,0,0,0,0,0,0,0,0,0
tt21279420,Emergency,2025.0,,Hindi,0,0,0,0,0,0,1,0,0,1,0,0,0,0,0,0,0,0,0,1,0
tt15748830,Jaane Jaan,2023.0,,Hindi,0,0,0,0,0,1,1,0,0,0,0,0,0,0,0,0,0,0,1,0,0
tt7529298,Attack,2022.0,,Hindi,1,0,0,0,0,0,0,0,0,0,0,0,0,0,0,0,1,0,1,0,0
tt22297828,Chor Nikal Ke Bhaga,2023.0,,Hindi,0,0,0,0,0,1,0,0,0,0,0,0,0,0,0,0,0,0,1,0,0
tt28802657,De De Pyaar De 2,2025.0,,Hindi,0,0,0,0,1,0,0,0,0,0,0,0,0,0,0,1,0,0,0,0,0
tt0432637,Krrish,2006.0,,Hindi,1,0,0,0,0,0,0,0,0,0,0,0,0,0,0,0,1,0,0,0,0
tt36642456,Haq,2025.0,,Hindi,0,0,0,0,0,0,1,0,0,0,0,0,0,0,0,0,0,0,0,0,0
tt21626284,Lost Ladies,2024.0,,Hindi,0,0,0,0,1,0,1,0,0,0,0,0,0,0,0,1,0,0,0,0,0
tt14993250,Rocky Aur Rani Kii Prem Kahaani,2023.0,,Hindi,0,0,0,0,1,0,1,1,0,0,0,0,0,0,0,1,0,0,0,0,0
tt0265343,Monsoon Wedding,2001.0,,Hindi,0,0,0,0,1,0,1,0,0,0,0,0,0,0,0,1,0,0,0,0,0
tt0254481,Koi... Mil Gaya,2003.0,,Hindi,1,1,0,0,0,0,0,0,0,0,0,0,0,0,0,0,1,0,0,0,0
tt8291224,Uri: The Surgical Strike,2019.0,,Hindi,1,0,0,0,0,0,1,0,0,0,0,0,0,0,0,0,0,0,0,1,0
tt5764096,Hindi Medium,2017.0,,Hindi,0,0,0,0,1,0,1,0,0,0,0,0,0,0,0,0,0,0,0,0,0
tt31852278,Subedaar,2026.0,,Hindi,1,0,0,0,0,1,1,0,0,0,0,0,0,0,0,0,0,0,0,0,0
tt1084972,Wanted,2009.0,,Hindi,1,0,0,0,1,1,0,0,0,0,0,0,0,0,0,0,0,0,1,0,0
tt14099334,Bhediya,2022.0,,Hindi,0,0,0,0,1,0,0,0,0,0,1,0,0,0,0,0,0,0,0,0,0
tt8439854,Lust Stories,2018.0,,Hindi,0,0,0,0,0,0,1,0,0,0,0,0,0,0,0,1,0,0,0,0,0
tt32245870,Happy Patel: Khatarnak Jasoos,2026.0,,Hindi,1,0,0,0,1,0,0,0,0,0,0,0,0,0,0,1,0,0,0,0,0
tt11027850,Hacked,2020.0,,Hindi,0,0,0,0,0,0,0,0,0,0,0,0,0,0,0,0,0,0,1,0,0
tt8239946,Tumbbad,2018.0,,Hindi,0,0,0,0,0,0,0,0,1,0,1,0,0,0,0,0,0,0,0,0,0
tt31969779,O'Romeo,2026.0,,Hindi,1,0,0,0,0,0,1,0,0,0,0,0,0,0,0,1,0,0,0,0,0
tt21626774,Sector 36,2024.0,,Hindi,0,0,0,0,0,1,1,0,0,0,0,0,0,0,0,0,0,0,1,0,0
tt0441048,Dhoom 2,2006.0,,Hindi,1,0,0,0,0,1,1,0,0,0,0,0,0,0,0,0,0,0,1,0,0
tt0249371,Aśoka,2001.0,,Hindi,1,1,0,0,0,0,1,0,0,1,0,0,0,0,0,1,0,0,0,1,0
tt3405236,Raees,2017.0,,Hindi,1,0,0,0,0,1,0,0,0,0,0,0,0,0,0,0,0,0,1,0,0
tt6203702,Baaghi 4,2025.0,,Hindi,1,0,0,0,0,0,0,0,0,0,0,0,0,0,0,1,0,0,1,0,0
tt2168910,Cocktail,2012.0,,Hindi,0,0,0,0,1,0,1,0,0,0,0,0,0,0,0,1,0,0,0,0,0
tt29429860,Son of Sardaar 2,2025.0,,Hindi,0,0,0,0,1,0,1,0,0,0,0,0,0,0,0,0,0,0,0,0,0
tt15464188,Ikkis,2026.0,,Hindi,0,0,0,0,0,0,1,0,0,1,0,0,0,0,0,0,0,0,0,1,0
tt3735246,Bajirao Mastani,2015.0,,Hindi,0,0,0,0,0,0,1,0,0,1,0,0,0,0,0,1,0,0,0,0,0
tt30818815,Mastiii 4,2025.0,,Hindi,0,0,0,0,1,0,0,0,0,0,0,0,0,0,0,0,0,0,0,0,0
tt21818782,Tehran,2025.0,,Hindi,1,0,0,0,0,0,0,0,0,0,0,0,0,0,0,0,0,0,1,0,0
tt0374660,Footpath,2003.0,,Hindi,1,0,0,0,0,1,1,0,0,0,0,0,0,0,0,0,0,0,0,0,0
tt6527426,Zero,2018.0,,Hindi,0,0,0,0,1,0,1,0,0,0,0,0,0,0,0,1,0,0,0,0,0
tt3495000,Mardaani,2014.0,,Hindi,1,0,0,0,0,1,1,0,0,0,0,0,0,0,0,0,0,0,1,0,0
tt4535650,Dilwale,2015.0,,Hindi,1,0,0,0,1,1,0,0,0,0,0,0,0,0,0,0,0,0,0,0,0
tt8108202,Stree,2018.0,,Hindi,0,0,0,0,1,0,0,0,0,0,1,0,0,0,0,0,0,0,0,0,0
tt13451410,Dhadak 2,2025.0,,Hindi,0,0,0,0,0,0,1,0,0,0,0,0,0,0,0,1,0,0,0,0,0
tt21194868,Dhoom Dhaam,2025.0,,Hindi,0,0,0,0,1,0,0,0,0,0,0,0,0,0,0,0,0,0,0,0,0
tt2203308,Aashiqui 2,2013.0,,Hindi,0,0,0,0,0,0,1,0,0,0,0,0,0,0,0,1,0,0,0,0,0
tt15416342,The Bengal Files,2025.0,,Hindi,0,0,0,0,0,0,1,0,0,1,0,0,0,0,0,0,0,0,1,0,0
tt4007558,Shaandaar,2015.0,,Hindi,0,0,0,0,1,0,0,0,0,0,0,0,0,0,0,1,0,0,0,0,0
tt1029231,Krrish 3,2013.0,,Hindi,1,0,0,0,0,0,0,0,0,0,0,0,0,0,0,0,1,0,0,0,0
tt5956100,Tiger Zinda Hai,2017.0,,Hindi,1,1,0,0,0,0,0,0,0,0,0,0,0,0,0,0,0,0,1,0,0
tt35146696,Tu Meri Main Tera Main Tera Tu Meri,2025.0,,Hindi,0,0,0,0,1,0,0,0,0,0,0,0,0,0,0,1,0,0,0,0,0
tt35727678,Ek Deewane Ki Deewaniyat,2025.0,,Hindi,0,0,0,0,0,0,1,0,0,0,0,0,0,0,0,1,0,0,1,0,0
tt3823392,Love Sonia,2018.0,,Hindi,0,0,0,0,0,0,1,0,0,0,0,0,0,0,0,0,0,0,0,0,0
tt0461936,Don,2006.0,,Hindi,1,0,0,0,0,0,1,0,0,0,0,0,0,0,0,0,0,0,1,0,0
tt12393526,Bulbbul,2020.0,,Hindi,0,0,0,0,0,0,0,0,1,0,1,0,0,0,0,0,0,0,1,0,0
tt11163028,House Arrest,2019.0,,Hindi,0,0,0,0,1,0,0,0,0,0,0,0,0,0,0,0,0,0,0,0,0
tt28297544,Rapture,2024.0,,Hindi,0,0,0,0,0,0,1,0,0,0,0,0,0,0,0,0,0,0,0,0,0
tt20754156,Tumse Na Ho Payega,2023.0,,Hindi,0,0,0,0,1,0,1,0,0,0,0,0,0,0,0,0,0,0,0,0,0
tt1144804,Kambakkht Ishq,2009.0,,Hindi,1,0,0,0,1,0,1,0,0,0,0,0,0,0,0,1,0,0,0,0,0
tt1729637,Bodyguard,2011.0,,Hindi,1,0,0,0,0,0,1,0,0,0,0,0,0,0,0,1,0,0,0,0,0
tt2571140,Boss,2013.0,,Hindi,1,0,0,0,1,0,1,0,0,0,0,0,0,0,0,0,0,0,0,0,0
tt27826850,Single Salma,2025.0,,Hindi,0,0,0,0,1,0,0,1,0,0,0,0,0,0,0,0,0,0,0,0,0
tt2178470,Yeh Jawaani Hai Deewani,2013.0,,Hindi,0,0,0,0,1,0,0,0,0,0,0,0,0,0,0,1,0,0,0,0,0
tt4832640,Sultan,2016.0,,Hindi,1,0,0,0,0,0,1,0,0,0,0,0,0,0,0,1,0,0,0,0,0
tt28089700,Raid 2,2025.0,,Hindi,0,0,0,0,0,1,1,0,0,0,0,0,0,0,0,0,0,0,1,0,0
tt15501640,Drishyam 2,2022.0,,Hindi,0,0,0,0,0,0,1,0,0,0,0,0,0,1,0,0,0,0,1,0,0
tt11027830,Haseen Dillruba,2021.0,,Hindi,0,0,0,0,0,0,0,0,0,0,0,0,0,1,0,1,0,0,1,0,0
tt1396208,Action Replayy,2010.0,,Hindi,0,0,0,0,1,0,0,0,0,0,0,0,0,0,0,1,1,0,0,0,0
tt30496762,Maa,2025.0,,Hindi,0,0,0,0,0,0,0,0,0,0,1,0,0,0,0,0,0,0,0,0,0
tt1285241,Don 2,2011.0,,Hindi,1,0,0,0,0,0,0,0,0,0,0,0,0,0,0,0,0,0,1,0,0
tt7212726,Simmba,2018.0,,Hindi,1,0,0,0,1,0,1,0,0,0,0,0,0,0,0,0,0,0,0,0,0
tt0346457,Mangal Pandey - The Rising,2005.0,,Hindi,0,0,0,0,0,0,1,0,0,1,0,0,0,0,0,0,0,0,0,0,0
tt23220552,Badass Ravi Kumar,2025.0,,Hindi,1,0,0,0,1,0,0,0,0,0,0,1,0,0,0,0,0,0,0,0,0
tt10230404,Ghost Stories,2020.0,,Hindi,0,0,0,0,0,0,0,0,0,0,1,0,0,0,0,0,0,0,0,0,0
tt30422937,Nadaaniyan,2025.0,,Hindi,0,0,0,0,1,0,1,0,0,0,0,0,0,0,0,1,0,0,0,0,0
tt5690142,Mom,2017.0,,Hindi,0,0,0,0,0,1,1,0,0,0,0,0,0,0,0,0,0,0,1,0,0
tt4501268,Maharaj,2024.0,,Hindi,0,0,0,0,0,0,1,0,0,1,0,0,0,0,0,0,0,0,0,0,0
tt4110568,Dil Dhadakne Do,2015.0,,Hindi,0,0,0,0,0,0,1,1,0,0,0,0,0,0,0,1,0,0,0,0,0
tt8907974,Looop Lapeta,2022.0,,Hindi,1,0,0,0,1,1,0,0,0,0,0,0,0,0,0,0,0,0,0,0,0
tt1833673,Dhoom 3,2013.0,,Hindi,1,0,0,0,0,1,0,0,0,0,0,0,0,0,0,0,0,0,0,0,0
tt1948150,Singham,2011.0,,Hindi,1,0,0,0,0,1,1,0,0,0,0,0,0,0,0,0,0,0,0,0,0
tt1166100,Ghajini,2008.0,,Hindi,1,0,0,0,0,0,0,0,0,0,0,0,0,0,0,1,0,0,1,0,0
tt0211934,Baadshah,1999.0,,Hindi,1,0,0,0,1,0,0,0,0,0,0,0,0,0,0,0,0,0,0,0,0
tt6531196,Ascharya Fuck It,2018.0,,Hindi,0,0,0,0,0,0,1,0,0,0,0,0,0,0,0,0,0,0,1,0,0
tt0886539,Luck by Chance,2009.0,,Hindi,0,0,0,0,1,0,1,0,0,0,0,0,0,0,0,1,0,0,0,0,0
tt27056066,Sky Force,2025.0,,Hindi,1,0,0,0,0,0,0,0,0,1,0,0,0,0,0,0,0,0,1,1,0
tt5301942,Jersey,2022.0,,Hindi,0,0,0,0,0,0,1,0,0,0,0,0,0,0,0,0,0,0,0,0,0
tt5970844,Thugs of Hindostan,2018.0,,Hindi,1,1,0,0,0,0,0,0,0,0,0,0,0,0,0,0,0,0,0,0,0
tt2392447,Ungli,2014.0,,Hindi,0,0,0,0,1,0,1,0,0,0,0,0,0,0,0,0,0,0,1,0,0
tt27028399,Murder Mubarak,2024.0,,Hindi,0,0,0,0,1,1,0,0,0,0,0,0,0,0,0,0,0,0,1,0,0
tt15128068,"Monica, O My Darling",2022.0,,Hindi,0,0,0,0,1,1,1,0,0,0,0,0,0,1,0,0,0,0,1,0,0
tt5946128,Dear Zindagi,2016.0,,Hindi,0,0,0,0,0,0,1,0,0,0,0,0,0,0,0,1,0,0,0,0,0
tt18072316,Bade Miyan Chote Miyan,2024.0,,Hindi,1,0,0,0,0,0,0,0,0,0,0,0,0,0,0,0,1,0,0,0,0
tt27510174,Stree 2,2024.0,,Hindi,0,0,0,0,1,0,0,0,0,0,1,0,0,0,0,0,0,0,0,0,0
tt0439662,Fanaa,2006.0,,Hindi,1,0,0,0,0,0,1,0,0,0,0,0,0,0,0,1,0,0,1,0,0
tt9648672,Street Dancer 3D,2020.0,,Hindi,0,0,0,0,0,0,1,0,0,0,0,0,0,0,0,0,0,0,0,0,0
tt26733317,Jigra,2024.0,,Hindi,1,0,0,0,0,0,1,0,0,0,0,0,0,0,0,0,0,0,1,0,0
tt0488798,Welcome,2007.0,,Hindi,0,0,0,0,1,1,0,1,0,0,0,0,0,0,0,0,0,0,0,0,0
tt15437986,The Shameless,2025.0,,Hindi,0,0,0,0,0,0,1,0,0,0,0,0,0,0,0,1,0,0,0,0,0
tt15433600,Khufiya,2023.0,,Hindi,0,0,0,0,0,1,0,0,0,0,0,0,0,1,0,0,0,0,1,0,0
tt5256640,Lenin,2026.0,,Telugu,1,0,0,0,0,0,1,0,0,0,0,0,0,0,0,1,0,0,0,0,0
tt23865918,Peddi,2026.0,,Telugu,1,0,0,0,0,0,1,0,0,0,0,0,0,0,0,0,0,0,0,0,0
tt8178634,RRR,2022.0,,Telugu,1,0,0,0,0,0,1,0,0,1,0,0,0,0,0,0,0,0,0,0,0
tt39108319,Irumudi,2026.0,,Telugu,0,0,0,0,0,0,1,0,0,0,0,0,0,0,0,0,0,0,0,0,0
tt36451817,Raakaasa,2026.0,,Telugu,0,0,0,0,1,0,0,0,1,0,0,0,0,0,0,0,0,0,0,0,0
tt32237111,Maa Inti Bangaram,2026.0,,Telugu,1,0,0,0,0,0,1,0,0,0,0,0,0,0,0,0,0,0,1,0,0
tt32831759,Laila,2025.0,,Telugu,0,0,0,0,1,0,0,0,0,0,0,0,0,0,0,1,0,0,0,0,0
tt37893389,Bāhubali: The Epic,2025.0,,Telugu,1,0,0,0,0,0,1,0,0,0,0,0,0,0,0,0,0,0,0,0,0
tt11821912,Devara: Part 1,2024.0,,Telugu,1,0,0,0,0,0,1,0,0,0,0,0,0,0,0,0,0,0,0,0,0
tt30413898,Dacoit,2026.0,,Telugu,1,0,0,0,0,0,0,0,0,0,0,0,0,0,0,1,0,0,1,0,0
tt4849438,Bāhubali 2: The Conclusion,2017.0,,Telugu,1,1,0,0,0,0,0,0,1,0,0,0,0,0,0,0,0,0,0,0,0
tt37161651,Chennai Love Story,2026.0,,Telugu,0,0,0,0,0,0,1,0,0,0,0,0,0,0,0,1,0,0,0,0,0
tt23790696,The Rajasaab,2026.0,,Telugu,1,0,0,0,1,0,0,0,1,0,1,0,0,0,0,0,0,0,0,0,0
tt12735488,Kalki 2898-AD,2024.0,,Telugu,1,0,0,0,0,0,1,0,1,0,0,0,0,0,0,0,1,0,0,0,0
tt16539454,Pushpa 2 - The Rule,2024.0,,Telugu,1,0,0,0,0,1,1,0,0,0,0,0,0,0,0,0,0,0,1,0,0
tt27540542,Lucky Baskhar,2024.0,,Telugu,0,0,0,0,0,1,1,0,0,0,0,0,0,0,0,0,0,0,1,0,0
tt13927994,Salaar: Part 1 - Ceasefire,2023.0,,Telugu,1,0,0,0,0,1,1,0,0,0,0,0,0,0,0,0,0,0,0,0,0
tt9389998,Pushpa: The Rise,2021.0,,Telugu,1,0,0,0,0,0,1,0,0,0,0,0,0,0,0,0,0,0,1,0,0
tt34545743,Godari Gattupaina,2026.0,,Telugu,0,0,0,0,1,0,0,1,0,0,0,0,0,0,0,1,0,0,0,0,0
tt37895011,Rao Bahadur,2026.0,,Telugu,0,0,0,0,0,0,1,0,1,0,0,0,0,0,0,0,0,0,1,0,0
tt31852038,Cheekatilo,2026.0,,Telugu,0,0,0,0,0,0,0,0,0,0,0,0,0,0,0,0,0,0,1,0,0
tt23804696,HIT: The Third Case,2025.0,,Telugu,1,0,0,0,0,1,0,0,0,0,0,0,0,0,0,0,0,0,1,0,0
tt13528564,Ante... Sundaraniki!,2022.0,,Telugu,0,0,0,0,1,0,0,1,0,0,0,0,0,0,0,1,0,0,0,0,0
tt14338246,Ustaad Bhagat Singh,2026.0,,Telugu,1,0,0,0,1,0,1,0,0,0,0,0,0,0,0,0,0,0,0,0,0
tt2691804,Hari Hara Veera Mallu: Part 1 – Sword vs Spirit,2025.0,,Telugu,1,1,0,0,0,0,1,0,0,0,0,0,0,0,0,0,0,0,0,0,0
tt11773426,Kingdom,2025.0,,Telugu,1,0,0,0,0,0,1,0,0,0,0,0,0,0,0,0,0,0,1,0,0
tt33143854,Couple Friendly,2026.0,,Telugu,0,0,0,0,0,0,1,0,0,0,0,0,0,0,0,1,0,0,0,0,0
tt20850406,Sita Ramam,2022.0,,Telugu,0,0,0,0,0,0,1,0,0,1,0,0,0,0,0,1,0,0,0,0,0
tt15387182,Akhanda 2: Thaandavam,2025.0,,Telugu,1,0,0,0,0,0,1,0,0,0,0,0,0,0,0,0,0,0,0,0,0
tt39195804,Vishnu Vinyasam,2026.0,,Telugu,0,0,0,0,1,0,0,0,0,0,0,0,0,0,0,1,0,0,0,0,0
tt33083471,Funky,2026.0,,Telugu,0,0,0,0,1,0,1,0,0,0,0,0,0,0,0,1,0,0,0,0,0
tt1579544,Ganesh,2009.0,,Telugu,0,0,0,0,1,0,0,0,0,0,0,0,0,0,0,1,0,0,0,0,0
tt5684466,A Aa,2016.0,,Telugu,0,0,0,0,1,0,1,1,0,0,0,0,0,0,0,1,0,0,0,0,0
tt7884228,N.T.R: Kathanayakudu,2019.0,,Telugu,0,0,0,0,0,0,1,0,0,0,0,0,0,0,0,0,0,0,0,0,0
tt11091572,RDX Love,2019.0,,Telugu,0,0,0,0,0,0,1,0,0,0,0,0,0,0,0,1,0,0,0,0,0
tt6613470,PSV Garuda Vega,2017.0,,Telugu,1,0,0,0,0,0,1,0,0,0,0,0,0,0,0,0,0,0,0,0,0
tt29606526,The Girlfriend,2025.0,,Telugu,0,0,0,0,0,0,1,0,0,0,0,0,0,0,0,1,0,0,0,0,0
tt6836936,Saaho,2019.0,,Telugu,1,1,0,0,0,0,0,0,0,0,0,0,0,0,0,0,0,0,1,0,0
tt32135720,Mass Jathara,2025.0,,Telugu,1,0,0,0,0,1,0,0,0,0,0,0,0,0,0,0,0,0,1,0,0
tt27136041,Champion,2025.0,,Telugu,0,0,0,0,0,0,1,0,0,1,0,0,0,0,0,0,0,0,0,0,0
tt25433734,Hi Nanna,2023.0,,Telugu,0,0,0,0,0,0,1,1,0,0,0,0,0,0,0,1,0,0,0,0,0
tt34984715,Dhandoraa,2025.0,,Telugu,0,0,0,0,0,0,1,0,0,0,0,0,0,0,0,1,0,0,0,0,0
tt0264357,Ammoru,1995.0,,Telugu,0,0,0,0,0,0,0,0,1,0,1,0,0,0,0,0,0,0,0,0,0
tt9605894,Nishabdham,2020.0,,Telugu,0,0,0,0,0,0,0,0,0,0,1,0,0,0,0,0,0,0,1,0,0
tt26903104,Saripodhaa Sanivaaram,2024.0,,Telugu,1,0,0,0,0,0,0,0,0,0,0,0,0,0,0,0,0,0,1,0,0
tt9760426,Romantic,2021.0,,Telugu,0,0,0,0,0,0,0,0,0,0,0,0,0,0,0,1,0,0,0,0,0
tt0245997,Khaidi,1983.0,,Telugu,1,0,0,0,0,0,0,0,0,0,0,0,0,0,0,0,0,0,0,0,0
tt28820189,MAD,2023.0,,Telugu,0,0,0,0,1,0,1,0,0,0,0,0,0,0,0,1,0,0,0,0,0
tt9537292,Ala Vaikunthapurramuloo,2020.0,,Telugu,1,0,0,0,1,0,1,1,0,0,0,0,0,0,0,0,0,0,0,0,0
tt5038448,Bruce Lee: The Fighter,2015.0,,Telugu,1,0,0,0,0,0,1,0,0,0,0,0,0,0,0,1,0,0,0,0,0
tt33307144,Court: State vs. A Nobody,2025.0,,Telugu,0,0,0,0,0,1,1,0,0,0,0,0,0,0,0,1,0,0,0,0,0
tt38854659,Raju Weds Rambai,2025.0,,Telugu,0,0,0,0,1,0,1,0,0,0,0,0,0,0,0,1,0,0,0,0,0
tt8188610,F2: Fun and Frustration,2019.0,,Telugu,0,0,0,0,1,0,0,0,0,0,0,0,0,0,0,0,0,0,0,0,0
tt23846482,Kuberaa,2025.0,,Telugu,0,0,0,0,0,1,1,0,0,0,0,0,0,0,0,0,0,0,1,0,0
tt0924219,Eeshwar,2002.0,,Telugu,1,0,0,0,0,0,1,0,0,0,0,0,0,0,0,0,0,0,0,0,0
tt4435072,Liger,2022.0,,Telugu,1,0,0,0,0,0,0,0,0,0,0,0,0,0,0,1,0,0,0,0,0
tt32327574,(MAD)²,2025.0,,Telugu,0,0,0,0,1,0,1,0,0,0,0,0,0,0,0,1,0,0,0,0,0
tt1625856,Badrinath,2011.0,,Telugu,1,0,0,0,0,0,1,0,0,0,0,0,0,0,0,1,0,0,0,0,0
tt27171077,Robinhood,2025.0,,Telugu,1,0,0,0,0,0,0,0,0,0,0,0,0,0,0,0,0,0,0,0,0
tt7322850,Raja the Great,2017.0,,Telugu,1,0,0,0,1,0,0,0,0,0,0,0,0,0,0,0,0,0,0,0,0
tt0944195,Dubai Seenu,2007.0,,Telugu,0,0,0,0,0,0,0,0,0,0,0,0,0,0,0,0,0,0,0,0,0
tt8590992,Paper Boy,2018.0,,Telugu,0,0,0,0,0,0,0,0,0,0,0,0,0,0,0,1,0,0,0,0,0
tt11987082,Paagal,2021.0,,Telugu,0,0,0,0,1,0,0,0,0,0,0,0,0,0,0,1,0,0,0,0,0
tt7249854,Nene Raju Nene Mantri,2017.0,,Telugu,1,0,0,0,0,0,0,0,0,0,0,0,0,0,0,1,0,0,1,0,0
tt7902704,Inttelligent,2018.0,,Telugu,1,0,0,0,1,0,1,0,0,0,0,0,0,0,0,0,0,0,0,0,0
tt7770192,Krishnarjuna Yudham,2018.0,,Telugu,1,0,0,0,0,0,0,0,0,0,0,0,0,0,0,1,0,0,1,0,0
tt14598646,Aa Ammayi Gurinchi Meeku Cheppali,2022.0,,Telugu,0,0,0,0,0,0,1,0,0,0,0,0,0,0,0,1,0,0,0,0,0
tt15433956,Hanu-Man,2024.0,,Telugu,1,0,0,0,1,0,0,0,1,0,0,0,0,0,0,0,1,0,0,0,0
tt0416458,Adavi Ramudu,2004.0,,Telugu,0,0,0,0,0,0,0,0,0,0,0,0,0,0,0,0,0,0,0,0,0
tt4718762,Pandaga Chesko,2015.0,,Telugu,0,0,0,0,0,0,1,1,0,0,0,0,0,0,0,1,0,0,0,0,0
tt7286562,Jaya Janaki Nayaka,2017.0,,Telugu,1,0,0,0,0,0,0,0,0,0,0,0,0,0,0,1,0,0,1,0,0
tt6996016,Ninnu Kori,2017.0,,Telugu,0,0,0,0,1,0,0,1,0,0,0,0,0,0,0,1,0,0,0,0,0
tt10207954,Kalki,2019.0,,Telugu,1,0,0,0,0,1,0,0,0,0,0,0,0,0,0,0,0,0,1,0,0
tt30858568,Mirai,2025.0,,Telugu,1,1,0,0,0,0,0,0,1,0,0,0,0,0,0,0,0,0,0,0,0
tt8960382,Radhe Shyam,2022.0,,Telugu,0,0,0,0,0,0,1,0,0,0,0,0,0,0,0,1,0,0,0,0,0
tt14209618,Game Changer,2025.0,,Telugu,1,0,0,0,0,0,1,0,0,0,0,0,0,0,0,0,0,0,0,0,0
tt15427952,Anaganaga Oka Raju,2026.0,,Telugu,0,0,0,0,1,0,0,0,0,0,0,0,0,0,0,1,0,0,0,0,0
tt4523622,Jil,2015.0,,Telugu,1,0,0,0,0,0,0,0,0,0,0,0,0,0,0,0,0,0,0,0,0
tt8043092,Sammohanam,2018.0,,Telugu,0,0,0,0,0,0,1,0,0,0,0,0,0,0,0,1,0,0,0,0,0
tt39302439,Honey,2026.0,,Telugu,0,0,0,0,0,0,0,0,0,0,1,0,0,0,0,0,0,0,1,0,0
tt5712058,Premam,2016.0,,Telugu,0,0,0,0,0,0,1,0,0,0,0,0,0,0,0,1,0,0,0,0,0
tt0897374,Munna,2007.0,,Telugu,1,0,0,0,0,0,0,0,0,0,0,0,0,0,0,1,0,0,0,0,0
tt6494052,Nenu Local,2017.0,,Telugu,1,0,0,0,1,0,0,0,0,0,0,0,0,0,0,0,0,0,0,0,0
tt34159694,Shambhala,2025.0,,Telugu,1,0,0,0,0,0,0,0,0,0,1,0,0,0,0,0,0,0,1,0,0
tt24330464,Butterfly,2022.0,,Telugu,0,0,0,0,0,0,0,0,0,0,0,0,0,1,0,0,0,0,1,0,0
tt4431392,Malli Malli Idhi Rani Roju,2015.0,,Telugu,0,0,0,0,0,0,1,0,0,0,0,0,0,0,0,1,0,0,0,0,0
tt9851854,Major,2022.0,,Telugu,1,0,0,0,0,0,1,0,0,1,0,0,0,0,0,0,0,0,0,0,0
tt11773456,Naandhi,2021.0,,Telugu,0,0,0,0,0,1,1,0,0,0,0,0,0,0,0,0,0,0,1,0,0
tt2499856,Krishnam Vande Jagadgurum,2012.0,,Telugu,1,0,0,0,0,1,0,0,0,0,0,0,0,0,0,0,0,0,0,0,0
tt1890493,Oosaravelli,2011.0,,Telugu,1,0,0,0,0,0,0,0,0,0,0,0,0,0,0,0,0,0,1,0,0
tt15029058,Skylab,2021.0,,Telugu,0,0,0,0,1,0,1,0,0,0,0,0,0,0,0,0,0,0,0,0,0
tt10409824,Gemeni,2002.0,,Telugu,1,0,0,0,0,1,1,0,0,0,0,0,0,0,0,0,0,0,0,0,0
tt7188742,Paisa Vasool,2017.0,,Telugu,1,0,0,0,1,0,0,0,0,0,1,0,0,0,0,0,0,0,0,0,0
tt13379908,Sridevi Soda Center,2021.0,,Telugu,0,0,0,0,0,0,1,0,0,0,0,0,0,0,0,1,0,0,0,0,0
tt0305952,Pedarayudu,1995.0,,Telugu,1,0,0,0,0,0,1,0,0,0,0,0,0,0,0,0,0,0,0,0,0
tt0467003,Sye,2004.0,,Telugu,1,0,0,0,0,0,1,0,0,0,0,0,0,0,0,0,0,0,0,0,0
tt11024580,Rang De,2021.0,,Telugu,0,0,0,0,1,0,0,0,0,0,0,0,0,0,0,1,0,0,0,0,0
tt0256719,Devadasu,1953.0,,Telugu,0,0,0,0,0,0,1,1,0,0,0,0,0,0,0,1,0,0,0,0,0
tt1281841,Hare Ram,2008.0,,Telugu,1,0,0,0,0,0,0,0,0,0,0,0,0,0,0,0,0,0,1,0,0
tt1505343,Josh,2009.0,,Telugu,1,0,0,0,0,1,0,0,0,0,0,0,0,0,0,0,0,0,0,0,0
tt4112334,Current Theega,2014.0,,Telugu,1,0,0,0,0,0,0,0,0,0,0,0,0,0,0,0,0,0,0,0,0
tt15078854,Bangarraju,2022.0,,Telugu,0,0,0,0,1,0,1,1,1,0,0,0,0,0,0,0,0,0,0,0,0
tt0262430,Gaayam,1993.0,,Telugu,0,0,0,0,0,1,0,0,0,0,0,0,0,0,0,1,0,0,0,0,0
tt1616533,Bendu Apparao R.M.P,2009.0,,Telugu,0,0,0,0,1,0,0,0,0,0,0,0,0,0,0,0,0,0,0,0,0
tt2304573,Daruvu,2012.0,,Telugu,1,0,0,0,1,0,1,0,1,0,0,0,0,0,0,0,0,0,0,0,0
tt1814797,Mirapakay,2011.0,,Telugu,1,0,0,0,1,0,0,0,0,0,0,0,0,0,0,0,0,0,0,0,0
tt6258486,Ekkadiki Pothavu Chinnavada,2016.0,,Telugu,0,0,0,0,0,0,0,0,0,0,0,0,0,0,0,1,0,0,1,0,0
tt7589670,Chalo,2018.0,,Telugu,1,0,0,0,1,0,0,0,0,0,0,0,0,0,0,1,0,0,0,0,0
tt14994064,Adbhutham,2021.0,,Telugu,0,0,0,0,0,0,1,0,0,0,0,0,0,0,0,1,0,0,0,0,0
tt27957740,Daaku Maharaaj,2025.0,,Telugu,1,0,0,0,0,1,1,0,0,0,0,0,0,0,0,0,0,0,1,0,0
tt13130370,Gurtunda Seetakalam,2022.0,,Telugu,0,0,0,0,0,0,1,0,0,0,0,0,0,0,0,1,0,0,0,0,0
tt8594012,Arjun Suravaram,2019.0,,Telugu,1,0,0,0,0,0,1,0,0,0,0,0,0,0,0,0,0,0,1,0,0
tt2440354,Naayak,2013.0,,Telugu,1,0,0,0,0,0,1,0,0,0,0,0,0,0,0,0,0,0,0,0,0
tt32553651,Andhra King Taluka,2025.0,,Telugu,1,0,0,0,0,0,1,1,0,0,0,0,0,0,0,1,0,0,0,0,0
tt4305752,Mukunda,2014.0,,Telugu,1,0,0,0,0,0,0,0,0,0,0,0,0,0,0,0,0,0,0,0,0
tt1575593,Kshemanga Velli Labhamga Randi,2000.0,,Telugu,0,0,0,0,1,0,0,0,0,0,0,0,0,0,0,0,0,0,0,0,0
tt0253157,Jambalakidi Pamba,1993.0,,Telugu,0,0,0,0,1,0,0,0,1,0,0,0,0,0,0,0,0,0,0,0,0
tt38355298,Band Melam,2026.0,,Telugu,0,0,0,0,0,0,1,0,0,0,0,0,0,0,0,1,0,0,0,0,0
tt15415976,Macherla Niyojakavargam,2022.0,,Telugu,1,0,0,0,0,0,0,0,0,0,0,0,0,0,0,0,0,0,1,0,0
tt9612136,Madha,2020.0,,Telugu,0,0,0,0,0,0,0,0,0,0,0,0,0,1,0,0,0,0,1,0,0
tt27907811,Thandel,2025.0,,Telugu,1,0,0,0,0,0,1,0,0,0,0,0,0,0,0,1,0,0,1,0,0
tt31316162,8 Vasantalu,2025.0,,Telugu,0,0,0,0,0,0,1,0,0,0,0,0,0,0,0,1,0,0,0,0,0
tt3982436,Loukyam,2014.0,,Telugu,1,0,0,0,1,0,0,0,0,0,0,0,0,0,0,1,0,0,0,0,0
tt0457391,Jai Chiranjeeva,2005.0,,Telugu,1,0,0,0,0,0,0,0,0,0,0,0,0,0,0,0,0,0,0,0,0
tt8661814,Devadas,2018.0,,Telugu,1,0,0,0,1,0,1,0,0,0,0,0,0,0,0,0,0,0,0,0,0
tt0466901,Naa Alludu,2005.0,,Telugu,1,0,0,0,0,0,1,0,0,0,0,0,0,0,0,0,0,0,0,0,0
tt13130198,Chaavu Kaburu Challaga,2021.0,,Telugu,1,0,0,0,0,0,0,0,0,0,0,0,0,0,0,1,0,0,0,0,0
tt15422468,Swathi Muthyam,2022.0,,Telugu,0,0,0,0,0,0,0,1,0,0,0,0,0,0,0,1,0,0,0,0,0
tt1860215,Dongala Mutha,2011.0,,Telugu,1,0,0,0,0,1,0,0,0,0,0,0,0,0,0,0,0,0,1,0,0
tt6138680,Radha,2017.0,,Telugu,1,0,0,0,1,0,0,0,0,0,0,0,0,0,0,1,0,0,0,0,0
tt0359063,Chanti,1992.0,,Telugu,0,0,0,0,0,0,0,0,0,0,0,0,0,0,0,1,0,0,0,0,0
tt8737640,Nartanasala,2018.0,,Telugu,0,0,0,0,1,0,1,0,0,0,0,0,0,0,0,1,0,0,0,0,0
tt5701082,Supreme,2016.0,,Telugu,1,0,0,0,1,0,0,0,0,0,0,0,0,0,0,1,0,0,0,0,0
tt6871426,Mister,2017.0,,Telugu,1,0,0,0,1,0,0,0,0,0,0,0,0,0,0,1,0,0,0,0,0
tt6816070,Hello!,2017.0,,Telugu,1,0,0,0,0,0,0,1,0,0,0,0,0,0,0,1,0,0,0,0,0
tt1830477,Ala Modalaindi,2011.0,,Telugu,0,0,0,0,0,0,1,0,0,0,0,0,0,0,0,1,0,0,0,0,0
tt2211173,Yevadu,2014.0,,Telugu,1,0,0,0,0,0,0,0,0,0,0,0,0,0,0,0,0,0,1,0,0
tt32175880,Kishkindhapuri,2025.0,,Telugu,0,0,0,0,1,0,1,0,0,0,1,0,0,0,0,0,0,0,1,0,0
tt6024364,Jaguar,2016.0,,Telugu,1,0,0,0,0,0,0,0,0,0,0,0,0,0,0,0,0,0,0,0,0
tt1533748,Orange,2010.0,,Telugu,0,0,0,0,1,0,0,0,0,0,0,0,0,0,0,1,0,0,0,0,0
tt7465992,Mahanati,2018.0,,Telugu,0,0,0,0,0,0,1,0,0,1,0,0,0,0,0,0,0,0,0,0,0
tt8185094,Needi Naadi Oke Katha,2018.0,,Telugu,0,0,0,0,0,0,1,1,0,0,0,0,0,0,0,0,0,0,0,0,0
tt6342396,Keshava,2017.0,,Telugu,1,0,0,0,0,0,1,0,0,0,0,0,0,0,0,0,0,0,1,0,0
tt1722441,Katha Screenplay Darsakatvam Appalaraju,2011.0,,Telugu,0,0,0,0,0,0,1,0,0,0,0,0,0,0,0,0,0,0,0,0,0
tt37962245,Little Hearts,2025.0,,Telugu,0,0,0,0,1,0,1,0,0,0,0,0,0,0,0,1,0,0,0,0,0
tt8071688,Jamba Lakidi Pamba,2018.0,,Telugu,0,0,0,0,1,0,0,0,1,0,0,0,0,0,0,0,0,0,0,0,0
tt1649404,Shankam,2009.0,,Telugu,1,0,0,0,1,0,0,0,0,0,0,0,0,0,0,0,0,0,0,0,0
tt15281402,Waltair Veerayya,2023.0,,Telugu,1,0,0,0,0,0,1,0,0,0,0,0,0,0,0,0,0,0,0,0,0
tt3402542,Avunu,2012.0,,Telugu,0,0,0,0,0,0,0,0,0,0,1,0,0,0,0,0,0,0,0,0,0
tt1606248,Idiot,2002.0,,Telugu,1,0,0,0,1,0,0,0,0,0,0,0,0,0,0,1,0,0,0,0,0
tt23875342,Mukhachitram,2022.0,,Telugu,0,0,0,0,0,1,1,0,0,0,0,0,0,0,0,0,0,0,1,0,0
tt14209560,Bheemla Nayak,2022.0,,Telugu,1,0,0,0,0,0,1,0,0,0,0,0,0,0,0,0,0,0,1,0,0
tt3290676,Uyyala Jampala,2013.0,,Telugu,0,0,0,0,0,0,0,0,0,0,0,0,0,0,0,1,0,0,0,0,0
tt32813410,Jatadhara,2025.0,,Telugu,1,0,0,0,0,0,0,0,0,0,1,0,0,0,0,0,0,0,1,0,0
tt7249874,LIE,2017.0,,Telugu,1,0,0,0,0,0,0,0,0,0,0,0,0,0,0,1,0,0,1,0,0
tt15380630,Kushi,2023.0,,Telugu,0,0,0,0,1,0,1,0,0,0,0,0,0,0,0,1,0,0,0,0,0
tt1187038,Chintakayala Ravi,2008.0,,Telugu,0,0,0,0,1,0,1,1,0,0,0,0,0,0,0,0,0,0,0,0,0
tt2342061,Devudu Chesina Manushulu,2012.0,,Telugu,1,0,0,0,1,0,0,0,1,0,0,0,0,0,0,0,0,0,0,0,0
tt5832544,Gautamiputra Satakarni,2017.0,,Telugu,1,0,0,0,0,0,1,0,0,1,0,0,0,0,0,0,0,0,0,0,0
tt1754394,Ragada,2010.0,,Telugu,1,0,0,0,0,0,0,0,0,0,0,0,0,0,0,0,0,0,0,0,0
tt2316756,Andala Rakshasi,2012.0,,Telugu,0,0,0,0,0,0,1,0,0,0,0,0,0,0,0,1,0,0,0,0,0
tt14564000,Guntur Kaaram,2024.0,,Telugu,1,0,0,0,0,0,1,0,0,0,0,0,0,0,0,0,0,0,0,0,0
tt34376523,Subham,2025.0,,Telugu,0,0,0,0,1,0,0,0,0,0,1,0,0,0,0,0,0,0,0,0,0
tt13844126,Power Play,2021.0,,Telugu,0,0,0,0,0,1,0,0,0,0,0,0,0,0,0,0,0,0,1,0,0
tt9670480,Gaddalakonda Ganesh,2019.0,,Telugu,1,0,0,0,0,0,0,0,0,0,0,0,0,0,0,0,0,0,1,0,0
tt4417502,Shivam,2015.0,,Telugu,1,0,0,0,1,0,0,0,0,0,0,0,0,0,0,1,0,0,0,0,0
tt13130308,GodFather,2022.0,,Telugu,1,0,0,0,0,0,1,0,0,0,0,0,0,0,0,0,0,0,0,0,0
tt0297067,Daddy,2001.0,,Telugu,0,0,0,0,0,0,1,1,0,0,0,0,0,0,0,0,0,0,0,0,0
tt0858492,Vikramarkudu,2006.0,,Telugu,1,0,0,0,0,0,1,0,0,0,0,0,0,0,0,0,0,0,0,0,0
tt7765910,Aravinda Sametha Veera Raghava,2018.0,,Telugu,1,0,0,0,0,0,1,0,0,0,0,0,0,0,0,0,0,0,0,0,0
tt8333978,Maharshi,2019.0,,Telugu,1,0,0,0,0,0,1,0,0,0,0,0,0,0,0,0,0,0,0,0,0
tt7277680,Anando Brahma,2017.0,,Telugu,0,0,0,0,1,0,0,0,0,0,1,0,0,0,0,0,0,0,1,0,0
tt7794524,Naa Peru Surya - Naa Illu India,2018.0,,Telugu,1,0,0,0,0,0,1,0,0,0,0,0,0,0,0,0,0,0,0,0,0
tt2393775,Dhenikaina Ready,2012.0,,Telugu,0,0,0,0,1,0,1,1,0,0,0,0,0,0,0,0,0,0,0,0,0
tt0334352,Show,2002.0,,Telugu,0,0,0,0,1,0,0,0,0,0,0,0,0,0,0,0,0,0,0,0,0
tt13097434,Colour Photo,2020.0,,Telugu,0,0,0,0,0,0,1,0,0,0,0,0,0,0,0,1,0,0,0,0,0
tt2088847,Oh My Friend,2011.0,,Telugu,0,0,0,0,0,0,0,0,0,0,0,0,0,0,0,1,0,0,0,0,0
tt10773090,Sarileru Neekevvaru,2020.0,,Telugu,1,0,0,0,0,0,0,0,0,0,0,0,0,0,0,0,0,0,0,0,0
tt3822606,Ra Ra Krishnayya,2014.0,,Telugu,0,0,0,0,1,0,1,0,0,0,0,0,0,0,0,1,0,0,0,0,0
tt6280328,Raju Gari Gadhi 2,2017.0,,Telugu,0,0,0,0,0,1,0,0,0,0,1,0,0,0,0,0,0,0,1,0,0
tt13349280,Aadavaallu Meeku Johaarlu,2022.0,,Telugu,0,0,0,0,1,0,1,1,0,0,0,0,0,0,0,0,0,0,0,0,0
tt7283064,Sye Raa Narasimha Reddy,2019.0,,Telugu,0,0,0,0,0,0,1,0,0,1,0,0,0,0,0,0,0,0,0,1,0
tt15710136,Yashoda,2022.0,,Telugu,0,0,0,0,0,1,1,0,0,0,0,0,0,0,0,0,1,0,1,0,0
tt13349716,Shyam Singha Roy,2021.0,,Telugu,0,0,0,0,0,0,1,0,0,0,0,0,0,0,0,1,0,0,1,0,0
tt8396272,Aatagallu,2018.0,,Telugu,1,0,0,0,0,1,0,0,0,0,0,0,0,0,0,0,0,0,1,0,0
tt5638270,Eedo Rakam Aado Rakam,2016.0,,Telugu,0,0,0,0,1,0,0,0,0,0,0,0,0,0,0,1,0,0,0,0,0
tt21810110,Bhagavanth Kesari,2023.0,,Telugu,1,0,0,0,0,0,1,0,0,0,0,0,0,0,0,0,0,0,1,0,0
tt28074691,Eagle,2024.0,,Telugu,1,0,0,0,0,0,0,0,0,0,0,0,0,0,0,0,0,0,1,0,0
tt0816258,Pokiri,2006.0,,Telugu,1,0,0,0,0,1,0,0,0,0,0,0,0,0,0,0,0,0,1,0,0
tt11384004,Love Story,2021.0,,Telugu,0,0,0,0,0,0,1,0,0,0,0,0,0,0,0,1,0,0,0,0,0
tt5306972,Kannappa,2025.0,,Telugu,0,0,0,0,0,0,1,0,1,1,0,0,0,0,0,0,0,0,0,0,0
tt35836025,Vishwanath & Sons,2026.0,,Tamil,0,0,0,0,0,0,1,0,0,0,0,0,0,0,0,1,0,0,0,0,0
tt33379543,Jana Nayagan,2026.0,,Tamil,1,0,0,0,0,0,1,0,0,0,0,0,0,0,0,0,0,0,0,0,0
tt15135188,Tamil Rockers,2021.0,,Tamil,0,0,0,0,1,0,0,0,0,0,0,0,0,0,0,0,0,0,1,0,0
tt37971394,Blast,2026.0,,Tamil,1,0,0,0,0,0,0,0,0,0,0,0,0,0,0,0,0,0,1,0,0
tt33988385,Karuppu,2026.0,,Tamil,1,0,0,0,0,0,0,0,1,0,0,0,0,0,0,0,0,0,0,0,0
tt37501035,DC,2026.0,,Tamil,1,0,0,0,0,0,1,0,0,0,0,0,0,0,0,1,0,0,0,0,0
tt35723557,Idhayam Murali,2026.0,,Tamil,0,0,0,0,1,0,1,0,0,0,0,0,0,0,0,1,0,0,0,0,0
tt10300570,Kadaisi Vivasayi,2022.0,,Tamil,0,0,0,0,0,0,1,0,0,0,0,0,0,0,0,0,0,0,0,0,0
tt37458495,Gatta Kusthi 2,2026.0,,Tamil,0,0,0,0,1,0,1,0,0,0,0,0,0,0,0,0,0,0,0,0,0
tt38693888,Youth,2026.0,,Tamil,0,0,0,0,1,0,1,0,0,0,0,0,0,0,0,1,0,0,0,0,0
tt37458112,Kara,2026.0,,Tamil,1,0,0,0,0,1,1,0,0,0,0,0,0,0,0,0,0,0,1,0,0
tt37737315,29,2026.0,,Tamil,0,0,0,0,1,0,1,0,0,0,0,0,0,0,0,1,0,0,0,0,0
tt32080876,Dragon,2025.0,,Tamil,0,0,0,0,1,0,1,0,0,0,0,0,0,0,0,1,0,0,0,0,0
tt39385419,Parimala and Co,2026.0,,Tamil,0,0,0,0,1,1,0,0,0,0,0,0,0,1,0,0,0,0,1,0,0
tt15654328,Leo,2023.0,,Tamil,1,0,0,0,0,1,0,0,0,0,0,0,0,0,0,0,0,0,1,0,0
tt38674977,Made in Korea,2026.0,,Tamil,0,0,0,0,0,0,1,0,0,0,0,0,0,0,0,0,0,0,0,0,0
tt27118357,Amaran,2024.0,,Tamil,1,1,0,0,0,0,1,0,0,0,0,0,0,0,0,0,0,0,0,1,0
tt11663228,Jailer,2023.0,,Tamil,1,1,0,0,1,1,0,0,0,0,0,0,0,0,0,0,0,0,1,0,0
tt27441481,Coolie,2025.0,,Tamil,1,0,0,0,0,1,0,0,0,0,0,0,0,0,0,0,0,0,1,0,0
tt26548265,Maharaja,2024.0,,Tamil,1,0,0,0,0,0,0,0,0,0,0,0,0,1,0,0,0,0,1,0,0
tt38681567,Stephen,2025.0,,Tamil,0,0,0,0,0,0,0,0,0,0,0,0,0,1,0,0,0,0,1,0,0
tt3189026,Aaaah,2014.0,,Tamil,0,0,0,0,0,0,0,0,0,0,1,0,0,0,0,0,0,0,1,0,0
tt30460421,Love Insurance Kompany,2026.0,,Tamil,0,0,0,0,1,0,0,0,0,0,0,0,0,0,0,1,1,0,0,0,0
tt15097358,Bison Kaalamaadan,2025.0,,Tamil,1,0,0,0,0,0,1,0,0,0,0,0,0,0,0,0,0,0,0,0,0
tt27540217,Good Bad Ugly,2025.0,,Tamil,1,0,0,0,1,1,0,0,0,0,0,0,0,0,0,0,0,0,0,0,0
tt28252563,Madharaasi,2025.0,,Tamil,1,0,0,0,0,0,0,0,0,0,0,0,0,0,0,1,0,0,1,0,0
tt3415566,123,2002.0,,Tamil,0,0,0,0,1,0,0,0,0,0,0,0,0,0,0,1,0,0,0,0,0
tt38123566,With Love,2026.0,,Tamil,0,0,0,0,1,0,0,0,0,0,0,0,0,0,0,1,0,0,0,0,0
tt9179430,Vikram,2022.0,,Tamil,1,0,0,0,0,1,0,0,0,0,0,0,0,0,0,0,0,0,1,0,0
tt30590474,Nilavuku En Mel Ennadi Kobam,2025.0,,Tamil,0,0,0,0,1,0,1,0,0,0,0,0,0,0,0,1,0,0,0,0,0
tt1305797,Enthiran,2010.0,,Tamil,1,1,0,0,0,0,0,0,0,0,0,0,0,0,0,0,1,0,0,0,0
tt22488728,Love Today,2022.0,,Tamil,0,0,0,0,1,0,0,0,0,0,0,0,0,0,0,1,0,0,0,0,0
tt23398540,Thug Life,2025.0,,Tamil,1,0,0,0,0,1,1,0,0,0,0,0,0,0,0,0,0,0,0,0,0
tt39255646,Thaai Kizhavi,2026.0,,Tamil,0,0,0,0,1,0,1,0,0,0,0,0,0,0,0,0,0,0,0,0,0
tt1385824,Yavarum Nalam,2009.0,,Tamil,0,0,0,0,0,0,0,0,0,0,1,0,0,1,0,0,0,0,0,0,0
tt11531710,Tamilarasan,2023.0,,Tamil,1,0,0,0,0,0,1,0,0,0,0,0,0,0,0,0,0,0,0,0,0
tt0373733,Boys,2003.0,,Tamil,0,0,0,0,1,0,1,0,0,0,0,0,0,0,0,1,0,0,0,0,0
tt1451763,Villu,2009.0,,Tamil,1,0,0,0,1,0,1,0,0,0,0,0,0,0,0,0,0,0,0,0,0
tt10022990,Seeru,2020.0,,Tamil,1,0,0,0,0,0,1,0,0,0,0,0,0,0,0,0,0,0,0,0,0
tt0320736,Vikram,1986.0,,Tamil,1,1,0,0,0,0,0,0,0,0,0,0,0,0,0,0,1,0,0,0,0
tt18926098,Vidaamuyarchi,2025.0,,Tamil,1,0,0,0,0,1,1,0,0,0,0,0,0,1,0,0,0,0,1,0,0
tt10016532,Ispade Rajavum Idhaya Raniyum,2019.0,,Tamil,0,0,0,0,0,0,1,0,0,0,0,0,0,0,0,1,0,0,0,0,0
tt36388163,Dude,2025.0,,Tamil,1,0,0,0,1,0,1,0,0,0,0,0,0,0,0,1,0,0,0,0,0
tt3566698,Vaalu,2015.0,,Tamil,0,0,0,0,1,0,0,0,0,0,0,0,0,0,0,1,0,0,0,0,0
tt5080556,2.0,2018.0,,Tamil,1,0,0,0,0,0,0,0,1,0,0,0,0,0,0,0,1,0,0,0,0
tt0459566,Thotti Jaya,2005.0,,Tamil,0,0,0,0,0,0,1,0,0,0,0,0,0,0,0,0,0,0,0,0,0
tt28508934,Kaantha,2025.0,,Tamil,0,0,0,0,0,1,1,0,0,1,0,0,0,0,0,0,0,0,0,0,0
tt10579952,Master,2021.0,,Tamil,1,0,0,0,0,1,0,0,0,0,0,0,0,0,0,0,0,0,1,0,0
tt1708487,Kutty,2010.0,,Tamil,0,0,0,0,0,0,0,0,0,0,0,0,0,0,0,1,0,0,0,0,0
tt0369036,Udhaya,2004.0,,Tamil,0,0,0,0,0,0,1,0,0,0,0,0,0,0,0,0,0,0,0,0,0
tt4983780,Maanaadu,2021.0,,Tamil,1,0,0,0,0,0,0,0,0,0,0,0,0,0,0,0,1,0,1,0,0
tt5029004,Trisha Illana Nayanthara,2015.0,,Tamil,1,0,0,0,1,0,0,0,0,0,0,0,0,0,0,1,0,0,0,0,0
tt11301946,Beast,2022.0,,Tamil,1,0,0,0,1,0,0,0,0,0,0,0,0,0,0,0,0,0,0,0,0
tt10701074,Ponniyin Selvan: Part I,2022.0,,Tamil,1,1,0,0,0,0,0,0,0,1,0,0,0,0,0,0,0,0,0,0,0
tt31945132,Retro,2025.0,,Tamil,1,0,0,0,0,0,1,0,0,0,0,0,0,0,0,1,0,0,0,0,0
tt8011302,Thimiru Pudichavan,2018.0,,Tamil,1,0,0,0,0,0,1,0,0,0,0,0,0,0,0,0,0,0,0,0,0
tt3215258,Varuthapadatha Valibar Sangam,2013.0,,Tamil,0,0,0,0,1,0,0,0,0,0,0,0,0,0,0,1,0,0,0,0,0
tt13648270,Anbarivu,2022.0,,Tamil,0,0,0,0,1,0,0,1,0,0,0,0,0,0,0,1,0,0,0,0,0
tt19265480,Manmatha Leelai,2022.0,,Tamil,0,0,0,0,1,0,0,0,0,0,0,0,0,0,0,1,0,0,0,0,0
tt29606499,Veera Dheera Sooran: Part 2,2025.0,,Tamil,1,0,0,0,0,1,1,0,0,0,0,0,0,0,0,0,0,0,1,0,0
tt5543488,Sowkarpettai,2016.0,,Tamil,0,0,0,0,1,0,1,0,0,0,1,0,0,0,0,1,0,0,0,0,0
tt10895830,Sixer,2019.0,,Tamil,0,0,0,0,1,0,0,0,0,0,0,0,0,0,0,1,0,0,0,0,0
tt0361818,Kushi,2000.0,,Tamil,0,0,0,0,0,0,1,0,0,0,0,0,0,0,0,1,0,0,0,0,0
tt12299714,Thittam Irandu,2021.0,,Tamil,0,0,0,0,0,1,0,0,0,0,0,0,0,1,0,0,0,0,1,0,0
tt6567396,Yaman,2017.0,,Tamil,1,0,0,0,0,0,0,0,0,0,0,0,0,0,0,0,0,0,1,0,0
tt0326746,Baba,2002.0,,Tamil,1,0,0,0,0,0,1,0,1,0,0,0,0,0,0,0,0,0,0,0,0
tt7562630,Minsara Kanna,1999.0,,Tamil,0,0,0,0,0,0,1,0,0,0,0,0,0,0,0,0,0,0,0,0,0
tt0443310,Ah Aah: Anbe Aaruyire,2005.0,,Tamil,0,0,0,0,1,0,1,0,0,0,0,0,0,0,0,1,0,0,0,0,0
tt26234108,Vaa Vaathiyaar,2026.0,,Tamil,1,0,0,0,1,0,0,0,0,0,0,0,0,0,0,0,0,0,0,0,0
tt31958285,Kudumbasthan,2025.0,,Tamil,0,0,0,0,1,0,1,1,0,0,0,0,0,0,0,0,0,0,0,0,0
tt10334624,Aruvam,2019.0,,Tamil,0,0,0,0,0,0,0,0,0,0,1,0,0,0,0,0,0,0,1,0,0
tt7019820,Velaikkaran,2017.0,,Tamil,0,0,0,0,0,0,1,0,0,0,0,0,0,0,0,0,0,0,1,0,0
tt28434143,Aaryan,2025.0,,Tamil,1,0,0,0,0,1,0,0,0,0,0,0,0,0,0,0,0,0,1,0,0
tt2877104,Ethir Neechal,2013.0,,Tamil,0,0,0,0,1,0,0,0,0,0,0,0,0,0,0,1,0,0,0,0,0
tt1286164,Panakkaran,1990.0,,Tamil,1,0,0,0,0,0,0,1,0,0,0,0,0,0,0,0,0,0,0,0,0
tt9900782,Kaithi,2019.0,,Tamil,1,0,0,0,0,1,0,0,0,0,0,0,0,0,0,0,0,0,1,0,0
tt14526318,Sardar,2022.0,,Tamil,1,0,0,0,0,0,0,0,0,0,0,0,0,0,0,0,0,0,1,0,0
tt35684868,Sirai,2025.0,,Tamil,0,0,0,0,0,0,1,0,0,0,0,0,0,0,0,1,0,0,0,0,0
tt0262037,Thenali,2000.0,,Tamil,0,0,0,0,1,0,1,0,0,0,0,0,0,0,0,0,0,0,0,0,0
tt21302152,Driver Jamuna,2022.0,,Tamil,1,0,0,0,0,0,0,0,0,0,0,0,0,0,0,0,0,0,1,0,0
tt0139861,Arunachalam,1997.0,,Tamil,1,0,0,0,1,0,1,0,0,0,0,0,0,0,0,0,0,0,0,0,0
tt2073138,Vedi,2011.0,,Tamil,1,0,0,0,0,0,0,0,0,0,0,0,0,0,0,0,0,0,1,0,0
tt6485666,Mersal,2017.0,,Tamil,1,0,0,0,0,1,0,0,0,0,0,0,0,0,0,0,0,0,1,0,0
tt0382866,Nala Damayanthi,2003.0,,Tamil,0,0,0,0,1,0,0,0,0,0,0,0,0,0,0,0,0,0,0,0,0
tt7853260,Silukkuvarupatti Singam,2018.0,,Tamil,1,0,0,0,1,0,0,0,0,0,0,0,0,0,0,0,0,0,0,0,0
tt36408254,Gangers,2025.0,,Tamil,0,0,0,0,1,1,0,0,0,0,0,0,0,0,0,0,0,0,0,0,0
tt2778674,Badri,2001.0,,Tamil,0,0,0,0,0,0,1,0,0,0,0,0,0,0,0,0,0,0,0,0,0
tt0213753,Kadhalar Dhinam,1999.0,,Tamil,0,0,0,0,0,0,1,0,0,0,0,0,0,0,0,1,0,0,0,0,0
tt6723182,Sivalinga,2017.0,,Tamil,0,0,0,0,0,0,0,0,0,0,1,0,0,0,0,0,0,0,1,0,0
tt7794052,Merku Thodarchi Malai,2018.0,,Tamil,0,0,0,0,0,0,1,0,0,0,0,0,0,0,0,0,0,0,0,0,0
tt0910869,E,2006.0,,Tamil,0,0,0,0,0,0,0,0,0,0,0,0,0,0,0,0,0,0,0,0,0
tt10121762,Uriyadi 2,2019.0,,Tamil,1,0,0,0,0,0,0,0,0,0,0,0,0,0,0,0,0,0,1,0,0
tt7483340,Junga,2018.0,,Tamil,1,0,0,0,1,0,0,0,0,0,0,0,0,0,0,0,0,0,0,0,0
tt2946508,Rummy,2014.0,,Tamil,0,0,0,0,0,0,0,0,0,0,0,0,0,0,0,1,0,0,1,0,0
tt4901338,Sakalakala Vallavan,2015.0,,Tamil,0,0,0,0,1,0,1,0,0,0,0,0,0,0,0,1,0,0,0,0,0
tt3824432,Salim,2014.0,,Tamil,1,0,0,0,0,0,0,0,0,0,0,0,0,0,0,0,0,0,1,0,0
tt2342227,Neethaane En Ponvasantham,2012.0,,Tamil,0,0,0,0,0,0,1,0,0,0,0,0,0,0,0,1,0,0,0,0,0
tt7019942,Super Deluxe,2019.0,,Tamil,0,0,0,0,1,1,1,0,0,0,0,0,0,0,0,0,0,0,1,0,0
tt22444570,Ponniyin Selvan: Part II,2023.0,,Tamil,1,1,0,0,0,0,1,0,0,1,0,0,0,0,0,0,0,0,0,0,0
tt10893170,Bhoomi,2021.0,,Tamil,0,0,0,0,0,0,1,0,0,0,0,0,0,0,0,0,0,0,0,0,0
tt6832682,Shahjahan,2001.0,,Tamil,0,0,0,0,0,0,0,0,0,0,0,0,0,0,0,1,0,0,0,0,0
tt2793930,Maryan,2013.0,,Tamil,1,0,0,0,0,0,0,0,0,0,0,0,0,0,0,0,0,0,1,0,0
tt0376144,Saamy,2003.0,,Tamil,1,0,0,0,0,0,1,0,0,0,0,0,0,0,0,0,0,0,0,0,0
tt0948462,Priyamaanavale,2000.0,,Tamil,0,0,0,0,0,0,1,0,0,0,0,0,0,0,0,0,0,0,0,0,0
tt27487934,The Greatest of All Time,2024.0,,Tamil,1,0,0,0,0,0,1,0,0,0,0,0,0,0,0,0,0,0,1,0,0
tt21926684,Bakasuran,2023.0,,Tamil,0,0,0,0,0,0,1,0,0,0,0,0,0,0,0,0,0,0,1,0,0
tt5495270,Thirunaal,2016.0,,Tamil,1,0,0,0,0,0,0,0,0,0,0,0,0,0,0,1,0,0,0,0,0
tt5440700,Theri,2016.0,,Tamil,1,0,0,0,0,1,0,0,0,0,0,0,0,0,0,0,0,0,1,0,0
tt15097216,Jai Bhim,2021.0,,Tamil,0,0,0,0,0,1,1,0,0,1,0,0,0,1,0,0,0,0,0,0,0
tt5500416,Kanithan,2016.0,,Tamil,1,0,0,0,0,0,0,0,0,0,0,0,0,0,0,1,0,0,0,0,0
tt0235858,Veedu,1988.0,,Tamil,0,0,0,0,0,0,1,0,0,0,0,0,0,0,0,0,0,0,0,0,0
tt6984740,Vaigai Express,2017.0,,Tamil,0,0,0,0,0,1,1,0,0,0,0,0,0,0,0,0,0,0,1,0,0
tt0417011,Nerrukku Ner,1997.0,,Tamil,0,0,0,0,0,0,1,1,0,0,0,0,0,0,0,0,0,0,0,0,0
tt5332502,RajiniMurugan,2015.0,,Tamil,1,0,0,0,1,0,0,0,0,0,0,0,0,0,0,0,0,0,0,0,0
tt11991132,Kamali from Nadukkaveri,2021.0,,Tamil,0,0,0,0,0,0,1,0,0,0,0,0,0,0,0,1,0,0,0,0,0
tt0422908,Pammal K. Sambandam,2002.0,,Tamil,0,0,0,0,1,0,1,0,0,0,0,0,0,0,0,0,0,0,0,0,0
tt26319590,Revolver Rita,2025.0,,Tamil,1,0,0,0,1,1,0,0,0,0,0,0,0,0,0,0,0,0,0,0,0
tt2771926,Vatthikuchi,2013.0,,Tamil,1,0,0,0,0,0,0,0,0,0,0,0,0,0,0,0,0,0,1,0,0
tt0140673,Veera,1994.0,,Tamil,0,0,0,0,1,0,0,1,0,0,0,0,0,0,0,0,0,0,0,0,0
tt23628262,The Elephant Whisperers,2022.0,,Tamil,0,0,0,0,0,0,0,0,0,0,0,0,0,0,0,0,0,0,0,0,0
tt3681454,Vadacurry,2014.0,,Tamil,0,0,0,0,1,0,0,0,0,0,0,0,0,0,0,1,0,0,1,0,0
tt3209556,Vidiyum Munn,2013.0,,Tamil,0,0,0,0,0,0,1,0,0,0,0,0,0,0,0,0,0,0,1,0,0
tt1535020,Peranmai,2009.0,,Tamil,1,1,0,0,0,0,0,0,0,0,0,0,0,0,0,0,0,0,0,0,0
tt6278350,Kootathil Oruthan,2017.0,,Tamil,1,0,0,0,0,0,1,0,0,0,0,0,0,0,0,1,0,0,0,0,0
tt6722870,Kadamban,2017.0,,Tamil,1,0,0,0,0,0,0,0,0,0,0,0,0,0,0,0,0,0,0,0,0
tt2187114,Samar,2013.0,,Tamil,1,0,0,0,0,0,0,0,0,0,0,0,0,0,0,0,0,0,1,0,0
tt6126312,Rekka,2016.0,,Tamil,1,0,0,0,1,0,0,0,0,0,0,0,0,0,0,1,0,0,0,0,0
tt0264820,Magalir Mattum,1994.0,,Tamil,0,0,0,0,1,0,1,0,0,0,0,0,0,0,0,0,0,0,0,0,0
tt6268114,Kavalai Vendam,2016.0,,Tamil,0,0,0,0,1,0,1,0,0,0,0,0,0,0,0,1,0,0,0,0,0
tt0446439,Priyamaana Thozhi,2003.0,,Tamil,0,0,0,0,0,0,1,1,0,0,0,0,0,0,0,0,0,0,0,0,0
tt5867800,Aruvi,2017.0,,Tamil,0,0,0,0,0,0,1,0,0,0,0,0,0,0,0,0,0,0,0,0,0
tt2404801,Kumki,2012.0,,Tamil,0,1,0,0,0,0,1,0,0,0,0,0,0,0,0,0,0,0,0,0,0
tt3646264,Tenaliraman,2014.0,,Tamil,0,0,0,0,1,0,1,0,0,0,0,0,0,0,0,0,0,0,0,0,0
tt4197476,Pattathu Yaanai,2013.0,,Tamil,1,0,0,0,1,0,0,0,0,0,0,0,0,0,0,1,0,0,0,0,0
tt5959980,Vada Chennai,2018.0,,Tamil,1,0,0,0,0,1,1,0,0,0,0,0,0,0,0,0,0,0,0,0,0
tt0485270,Ratchagan,1997.0,,Tamil,1,0,0,0,0,0,0,0,0,0,0,0,0,0,0,1,0,0,0,0,0
tt21617996,Gatta Kusthi,2022.0,,Tamil,0,0,0,0,1,0,1,0,0,0,0,0,0,0,0,0,0,0,0,0,0
tt4435628,Valiyavan,2015.0,,Tamil,1,0,0,0,0,0,0,0,0,0,0,0,0,0,0,1,0,0,0,0,0
tt0449869,Chandramukhi,2005.0,,Tamil,0,0,0,0,1,0,1,0,0,0,1,0,0,0,0,0,0,0,0,0,0
tt2391732,Sundarapandian,2012.0,,Tamil,1,0,0,0,0,0,1,0,0,0,0,0,0,0,0,1,0,0,0,0,0
tt11311958,Mookuthi Amman,2020.0,,Tamil,0,0,0,0,1,0,0,0,1,0,0,0,0,0,0,0,0,0,0,0,0
tt0154167,Azhagan,1991.0,,Tamil,0,0,0,0,0,0,1,1,0,0,0,0,0,0,0,1,0,0,0,0,0
tt0421775,Bose,2004.0,,Tamil,1,0,0,0,0,1,1,0,0,0,0,0,0,0,0,0,0,0,0,0,0
tt7257586,Kurangu Bommai,2017.0,,Tamil,1,0,0,0,0,1,0,1,0,0,0,0,0,0,0,0,0,0,1,0,0
tt26758372,Meiyazhagan,2024.0,,Tamil,0,0,0,0,0,0,1,1,0,0,0,0,0,0,0,0,0,0,0,0,0
tt0447257,Little John,2001.0,,Tamil,1,0,0,0,1,0,1,0,1,0,0,0,0,0,0,0,0,0,0,0,0
tt6998574,Oru Kidayin Karunai Manu,2017.0,,Tamil,0,0,0,0,0,0,1,0,0,0,0,0,0,0,0,0,0,0,0,0,0
tt5290414,Eetti,2015.0,,Tamil,1,0,0,0,0,0,0,0,0,0,0,0,0,0,0,0,0,0,0,0,0
tt2606826,Poraali,2011.0,,Tamil,0,0,0,0,0,0,1,0,0,0,0,0,0,0,0,0,0,0,0,0,0
tt0959285,Azhagiya Tamil Magan,2007.0,,Tamil,1,0,0,0,0,0,1,0,0,0,0,0,0,0,0,0,0,0,0,0,0
tt7794040,Gulaebaghavali,2018.0,,Tamil,0,0,0,0,1,0,0,0,0,0,0,0,0,0,0,1,0,0,0,0,0
tt3253548,Naveena Saraswathi Sabatham,2013.0,,Tamil,0,0,0,0,1,0,0,0,1,0,0,0,0,0,0,0,0,0,0,0,0
tt8144782,Kalathil Santhippom,2021.0,,Tamil,1,0,0,0,0,0,0,1,0,0,0,0,0,0,0,0,0,0,0,0,0
tt0330977,Thamizhan,2002.0,,Tamil,1,0,0,0,0,0,1,0,0,0,0,0,0,0,0,0,0,0,0,0,0
tt3885782,Thirudan Police,2014.0,,Tamil,0,0,0,0,1,0,0,1,0,0,0,0,0,0,0,1,0,0,0,0,0
tt7041458,Balloon,2017.0,,Tamil,0,0,0,0,0,0,0,0,0,0,1,0,0,0,0,0,0,0,1,0,0
tt6594854,Yaakkai,2017.0,,Tamil,0,0,0,0,0,0,1,0,0,0,0,0,0,0,0,1,0,0,1,0,0
tt7486356,Mr. Chandramouli,2018.0,,Tamil,1,0,0,0,0,0,0,1,0,0,0,0,0,0,0,1,0,0,0,0,0
tt32827713,Thalaivan Thalaivii,2025.0,,Tamil,0,0,0,0,1,0,1,0,0,0,0,0,0,0,0,1,0,0,0,0,0
tt3569794,Kathai Thiraikathai Vasanam Iyakkam,2014.0,,Tamil,0,0,0,0,1,0,1,0,0,0,0,0,0,0,0,0,0,0,0,0,0
tt0422689,Madurey,2004.0,,Tamil,1,0,0,0,0,0,1,0,0,0,0,0,0,0,0,0,0,0,0,0,0
tt3681448,Saivam,2014.0,,Tamil,0,0,0,0,0,0,1,1,0,0,0,0,0,0,0,0,0,0,0,0,0
tt5832922,Amma Kanakku,2016.0,,Tamil,0,0,0,0,0,0,1,1,0,0,0,0,0,0,0,0,0,0,0,0,0
tt7023452,Annanukku Jey,2018.0,,Tamil,0,0,0,0,1,0,1,0,0,0,0,0,0,0,0,0,0,0,0,0,0
tt2196091,Vennila Kabadi Kuzhu,2009.0,,Tamil,0,0,0,0,1,0,1,0,0,0,0,0,0,0,0,1,0,0,0,0,0
tt0476706,Vaseegara,2003.0,,Tamil,0,0,0,0,1,0,0,0,0,0,0,0,0,0,0,1,0,0,0,0,0
tt4786638,Eli,2015.0,,Tamil,0,0,0,0,1,0,0,0,0,0,0,0,0,0,0,0,0,0,0,0,0
tt1308015,Saroja,2008.0,,Tamil,0,0,0,0,1,0,0,0,0,0,0,0,0,0,0,0,0,0,1,0,0
tt3215282,Desingu Raja,2013.0,,Tamil,0,0,0,0,1,0,0,0,0,0,0,0,0,0,0,0,0,0,0,0,0
tt34915705,Tourist Family,2025.0,,Tamil,0,0,0,0,1,0,1,1,0,0,0,0,0,0,0,0,0,0,0,0,0
tt27530512,Toxic: A Fairy Tale for Grown-ups,2026.0,,Kannada,1,0,0,0,0,1,1,0,0,0,0,0,0,0,0,0,0,0,0,0,0
tt26439764,Kantara - A Legend: Chapter 1,2025.0,,Kannada,1,0,0,0,0,0,1,0,1,0,0,0,0,0,0,0,0,0,0,0,0
tt10698680,K.G.F: Chapter 2,2022.0,,Kannada,1,1,0,0,0,1,0,0,0,0,0,0,0,0,0,0,0,0,1,0,0
tt7838252,K.G.F: Chapter 1,2018.0,,Kannada,1,1,0,0,0,1,0,0,0,0,0,0,0,0,0,0,0,0,1,0,0
tt1616085,Aptharakshaka,2010.0,,Kannada,0,0,0,0,0,0,1,0,0,0,1,0,0,0,0,0,0,0,0,0,0
tt7466810,777 Charlie,2022.0,,Kannada,0,1,0,0,1,0,1,0,0,0,0,0,0,0,0,0,0,0,0,0,0
tt11235142,Dia,2020.0,,Kannada,0,0,0,0,0,0,1,0,0,0,0,0,0,0,0,1,0,0,0,0,0
tt15334030,Martin,2024.0,,Kannada,1,0,0,0,0,0,1,0,0,0,0,0,0,0,0,0,0,0,1,0,0
tt15340998,Vedha,2022.0,,Kannada,1,0,0,0,0,0,1,0,0,0,0,0,0,0,0,0,0,0,0,0,0
tt34365591,Mahavatar Narsimha,2025.0,,Kannada,1,0,1,0,0,0,1,0,1,0,0,0,0,0,0,0,0,0,0,0,0
tt15130204,Seetharam Benoy,2021.0,,Kannada,0,0,0,0,0,0,1,0,0,0,0,0,0,1,0,0,0,0,0,0,0
tt15327088,Kantara,2022.0,,Kannada,1,0,0,0,0,0,1,0,0,0,0,0,0,0,0,0,0,0,1,0,0
tt6054758,Kirik Party,2016.0,,Kannada,0,0,0,0,1,0,1,0,0,0,0,0,0,0,0,0,0,0,0,0,0
tt1651934,Porki,2010.0,,Kannada,1,0,0,0,0,1,0,0,0,0,0,0,0,0,0,0,0,0,0,0,0
tt3144084,Chaarulatha,2012.0,,Kannada,0,0,0,0,0,0,1,0,0,0,0,0,0,0,0,0,0,0,1,0,0
tt11379988,James,2022.0,,Kannada,1,0,0,0,1,0,1,0,0,0,0,0,0,0,0,0,0,0,0,0,0
tt6620238,Ondu Motteya Kathe,2017.0,,Kannada,0,0,0,0,1,0,1,0,0,0,0,0,0,0,0,0,0,0,0,0,0
tt8043456,Aa Karaala Ratri,2018.0,,Kannada,0,0,0,0,0,0,0,0,0,0,0,0,0,0,0,0,0,0,1,0,0
tt2905606,Vishnuvardhana,2011.0,,Kannada,1,0,0,0,1,0,1,0,0,0,0,0,0,0,0,1,0,0,1,0,0
tt6405208,Mufti,2017.0,,Kannada,1,0,0,0,0,0,0,0,0,0,0,0,0,0,0,0,0,0,1,0,0
tt9592496,Pogaru,2021.0,,Kannada,1,0,0,0,0,0,0,0,0,0,0,0,0,0,0,0,0,0,0,0,0
tt3075360,Googly,2013.0,,Kannada,0,0,0,0,1,0,0,0,0,0,0,0,0,0,0,1,0,0,0,0,0
tt11143196,Popcorn Monkey Tiger,2020.0,,Kannada,1,0,0,0,0,1,1,0,0,0,0,0,0,0,0,0,0,0,0,0,0
tt7778560,Anjaniputra,2017.0,,Kannada,1,0,0,0,1,0,0,0,0,0,0,0,0,0,0,1,0,0,0,0,0
tt0466361,Auto Shankar,2005.0,,Kannada,1,0,0,0,0,0,1,0,0,0,0,0,0,0,0,0,0,0,0,0,0
tt28075055,Toby,2023.0,,Kannada,1,0,0,0,0,0,1,0,0,0,0,0,0,1,0,0,0,0,1,0,0
tt37629310,Su from So,2025.0,,Kannada,0,0,0,0,1,0,0,0,0,0,1,0,0,0,0,0,0,0,0,0,0
tt15380608,Bagheera,2024.0,,Kannada,1,1,0,0,0,0,0,0,0,0,0,0,0,0,0,0,0,0,0,0,0
tt3206392,Lucky,2012.0,,Kannada,0,0,0,0,1,0,0,0,0,0,0,0,0,0,0,1,0,0,0,0,0
tt5652740,Doddmane Hudga,2016.0,,Kannada,1,0,0,0,0,0,1,1,0,0,0,0,0,0,0,0,0,0,0,0,0
tt7317482,Pailwaan,2019.0,,Kannada,1,0,0,0,0,0,1,0,0,0,0,0,0,0,0,0,0,0,0,0,0
tt7838228,Chamak,2017.0,,Kannada,0,0,0,0,1,0,0,0,0,0,0,0,0,0,0,0,0,0,0,0,0
tt6203302,The Villain,2018.0,,Kannada,1,0,0,0,0,1,0,0,0,0,0,0,0,0,0,0,0,0,0,0,0
tt13986904,Hero,2021.0,,Kannada,0,0,0,0,1,0,0,0,0,0,0,0,0,0,0,0,0,0,1,0,0
tt23875550,UI,2024.0,,Kannada,0,0,0,0,0,0,0,0,1,0,0,0,0,0,0,0,0,0,1,0,0
tt6203612,Santhu Straight Forward,2016.0,,Kannada,1,0,0,0,0,0,1,0,0,0,0,0,0,0,0,1,0,0,0,0,0
tt3184756,Maanikya,2014.0,,Kannada,1,0,0,0,1,0,1,0,0,0,0,0,0,0,0,1,0,0,0,0,0
tt2917382,Veera Madakari,2009.0,,Kannada,1,0,0,0,1,0,1,0,0,0,0,0,0,0,0,1,0,0,0,0,0
tt2075277,Paramathma,2011.0,,Kannada,0,0,0,0,1,0,1,0,0,0,0,0,0,0,0,1,0,0,0,0,0
tt28283958,Aachar & Co,2023.0,,Kannada,0,0,0,0,1,0,0,1,0,0,0,0,0,0,0,0,0,0,0,0,0
tt6359554,Raajakumara,2017.0,,Kannada,0,0,0,0,0,0,1,1,0,0,0,0,0,0,0,0,0,0,0,0,0
tt3571378,Gajakessari,2014.0,,Kannada,1,0,0,0,0,0,0,0,0,0,0,0,0,0,0,1,0,0,0,0,0
tt12015102,Vikrant Rona,2022.0,,Kannada,1,0,0,0,0,0,0,0,0,0,0,0,0,1,0,0,0,0,1,0,0
tt27853611,MAX,2024.0,,Kannada,1,0,0,0,0,0,1,0,0,0,0,0,0,0,0,0,0,0,0,0,0
tt9320226,Yuvarathnaa,2021.0,,Kannada,1,0,0,0,0,0,1,0,0,0,0,0,0,0,0,0,0,0,0,0,0
tt3270104,Godfather,2012.0,,Kannada,0,0,0,0,0,0,0,0,0,0,0,0,0,0,0,0,0,0,0,0,0
tt9085782,Power,2014.0,,Kannada,1,0,0,0,1,0,0,0,0,0,0,0,0,0,0,0,0,0,0,0,0
tt11992424,Sapta Sagaradaache Ello – Side A,2023.0,,Kannada,0,0,0,0,0,0,1,0,0,0,0,0,0,0,0,1,0,0,0,0,0
tt15392696,Daredevil Musthafa,2023.0,,Kannada,0,0,0,0,1,0,1,0,0,0,0,0,0,0,0,0,0,0,0,0,0
tt28857146,Sapta Sagaradaache Ello - Side B,2023.0,,Kannada,0,0,0,0,0,0,1,0,0,0,0,0,0,0,0,1,0,0,1,0,0
tt11344598,Alidu Ulidavaru,2019.0,,Kannada,0,0,0,0,0,0,0,0,0,0,0,0,0,1,0,0,0,0,1,0,0
tt10919132,Love Mocktail,2020.0,,Kannada,0,0,0,0,0,0,1,0,0,0,0,0,0,0,0,1,0,0,0,0,0
tt11953248,Garuda Gamana Vrishabha Vahana,2021.0,,Kannada,0,0,0,0,0,1,1,0,0,0,0,0,0,0,0,0,0,0,1,0,0
tt11364772,Kabzaa,2023.0,,Kannada,1,0,0,0,0,1,0,0,0,0,0,0,0,0,0,0,0,0,1,0,0
tt1881010,ಮಿಲನ,2007.0,,Kannada,0,0,0,0,0,0,1,0,0,0,0,0,0,0,0,1,0,0,0,0,0
tt8602654,Sarkari. Hi. Pra. Shale Kasaragodu,2018.0,,Kannada,0,0,0,0,0,0,1,0,0,0,0,0,0,0,0,0,0,0,0,0,0
tt18184012,Love Mocktail 2,2022.0,,Kannada,0,0,0,0,0,0,1,0,0,0,0,0,0,0,0,1,0,0,0,0,0
tt7998242,Avane Srimannarayana,2019.0,,Kannada,1,1,0,0,1,0,0,0,1,0,0,0,0,0,0,0,0,0,0,0,1
tt0251355,Pushpaka Vimana,1987.0,,Kannada,0,0,0,0,1,0,1,0,0,0,0,0,0,0,0,1,0,0,0,0,0
tt5078812,Mr. Airavata,2015.0,,Kannada,1,0,0,0,0,0,0,0,0,0,0,0,0,0,0,0,0,0,0,0,0
tt6203964,Urvi,2017.0,,Kannada,0,0,0,0,0,0,1,0,0,0,0,0,0,0,0,0,0,0,1,0,0
tt15373868,Kranti,2023.0,,Kannada,1,0,0,0,0,0,0,0,0,0,0,0,0,0,0,0,0,0,1,0,0
tt9315438,Yajamana,2019.0,,Kannada,1,0,0,0,0,0,0,0,0,0,0,0,0,0,0,0,0,0,0,0,0
tt0330241,The Island,2002.0,,Kannada,0,0,0,0,0,0,1,0,0,0,0,0,0,0,0,0,0,0,0,0,0
tt0249783,Sri Manjunatha,2001.0,,Kannada,0,0,0,0,0,0,1,1,0,1,0,1,0,0,0,0,0,0,0,0,0
tt11042658,Gantumoote,2019.0,,Kannada,0,0,0,0,0,0,1,0,0,0,0,0,0,0,0,1,0,0,0,0,0
tt9266568,Nanna Prakara,2019.0,,Kannada,0,0,0,0,0,1,0,0,0,0,0,0,0,1,0,0,0,0,0,0,0
tt7479902,Gultoo,2018.0,,Kannada,0,0,0,0,0,1,1,0,0,0,0,0,0,0,0,0,0,0,1,0,0
tt4306300,Mr & Mrs Ramachari,2014.0,,Kannada,1,0,0,0,0,0,1,0,0,0,0,0,0,0,0,1,0,0,0,0,0
tt2498312,Bachchan,2013.0,,Kannada,1,0,0,0,1,0,1,0,0,0,0,0,0,0,0,1,0,0,1,0,0
tt9628392,Mayabazar 2016,2020.0,,Kannada,0,0,0,0,1,0,1,0,0,0,0,0,0,0,0,0,0,0,0,0,0
tt8364132,Birbal Trilogy: Case 1 – Finding Vajramuni,2019.0,,Kannada,0,0,0,0,0,1,0,0,0,0,0,0,0,1,0,0,0,0,1,0,0
tt3119074,Raja Huli,2013.0,,Kannada,1,0,0,0,1,0,1,0,0,0,0,0,0,0,0,0,0,0,0,0,0
tt6387472,Chakravarthy,2017.0,,Kannada,1,0,0,0,0,1,0,0,0,0,0,0,0,0,0,0,0,0,0,0,0
tt5701116,Jaggu Dada,2016.0,,Kannada,1,0,0,0,1,0,0,0,0,0,0,0,0,0,0,1,0,0,0,0,0
tt16961300,10,2022.0,,Kannada,0,0,0,0,0,0,1,0,0,0,0,0,0,0,0,0,0,0,0,0,0
tt7938336,Tagaru,2018.0,,Kannada,1,0,0,0,0,0,0,0,0,0,0,0,0,0,0,0,0,0,0,0,0
tt11651768,Avatara Purusha: Part 1,2022.0,,Kannada,0,0,0,0,0,0,0,0,1,0,1,0,0,0,0,0,0,0,1,0,0
tt3962184,Hebbuli,2017.0,,Kannada,1,0,0,0,0,0,1,0,0,0,0,0,0,0,0,0,0,0,0,0,0
tt23770924,Hostel Hudugaru Bekagiddare,2023.0,,Kannada,0,0,0,0,1,0,0,0,0,0,0,0,0,0,0,0,0,0,0,0,0
tt5364920,Masterpiece,2015.0,,Kannada,1,0,0,0,1,0,1,0,0,0,0,0,0,0,0,0,0,0,0,0,0
tt3817652,Ranna,2015.0,,Kannada,0,0,0,0,0,0,0,0,0,0,0,0,0,0,0,0,0,0,0,0,0
tt7222598,Raju Kannada Medium,2018.0,,Kannada,0,0,0,0,1,0,1,1,0,0,0,0,0,0,0,0,0,0,0,0,0
tt8108186,Kotigobba 3,2021.0,,Kannada,1,0,0,0,0,1,0,0,0,0,0,0,0,0,0,0,0,0,1,0,0
tt3015712,Drama,2012.0,,Kannada,0,0,0,0,1,0,1,0,0,0,0,0,0,0,0,1,0,0,1,0,0
tt2914444,Huccha,2001.0,,Kannada,1,0,0,0,1,0,1,0,0,0,0,0,0,0,0,1,0,0,0,0,0
tt31975704,Avatara Purusha 2,2024.0,,Kannada,1,0,0,0,1,0,0,0,1,0,0,0,0,0,0,0,0,0,1,0,0
tt1112110,Hollywood,2002.0,,Kannada,0,0,0,0,0,0,0,0,0,0,0,0,0,0,0,0,0,0,0,0,0
tt9084890,Nathicharami,2018.0,,Kannada,0,0,0,0,0,0,1,0,0,0,0,0,0,0,0,0,0,0,0,0,0
tt1416753,Mayura,1975.0,,Kannada,1,0,0,0,0,0,1,0,0,1,0,0,0,0,0,0,0,0,0,0,0
tt3116888,...Re,2016.0,,Kannada,0,0,0,0,1,0,1,0,0,0,0,0,0,0,0,0,0,0,0,0,0
tt7415646,Tarak,2017.0,,Kannada,1,0,0,0,0,0,0,0,0,0,0,0,0,0,0,1,0,0,0,0,0
tt2917376,My Autograph,2006.0,,Kannada,0,0,0,0,1,0,1,0,0,0,0,1,0,0,0,1,0,0,0,0,0
tt0245284,Minchina Ota,1980.0,,Kannada,0,1,0,0,0,1,0,0,0,0,0,0,0,0,0,0,0,0,0,0,0
tt7109900,Kavaludaari,2019.0,,Kannada,0,0,0,0,0,1,0,0,0,0,0,0,0,1,0,0,0,0,1,0,0
tt2359746,Pancharangi,2010.0,,Kannada,0,0,0,0,1,0,1,0,0,0,0,0,0,0,0,0,0,0,0,0,0
tt9430780,Bell Bottom,2019.0,,Kannada,0,0,0,0,1,0,1,0,0,0,0,0,0,0,0,0,0,0,1,0,0
tt15477040,Raghavendra Stores,2023.0,,Kannada,0,0,0,0,1,0,1,0,0,0,0,0,0,0,0,0,0,0,0,0,0
tt6577798,Humble Politician Nograj,2018.0,,Kannada,0,0,0,0,1,0,1,0,0,0,0,0,0,0,0,0,0,0,0,0,0
tt1964837,Kempe Gowda,2011.0,,Kannada,1,0,0,0,1,1,1,0,0,0,0,0,0,0,0,0,0,0,1,0,0
tt7222976,Operation Alamelamma,2017.0,,Kannada,0,0,0,0,1,0,1,0,0,0,0,0,0,0,0,0,0,0,1,0,0
tt6430934,Z,1999.0,,Kannada,0,0,0,0,0,0,0,0,0,0,0,0,0,0,0,0,0,0,0,0,0
tt7997932,Katheyondu Shuruvagide,2018.0,,Kannada,0,0,0,0,1,0,0,0,0,0,0,0,0,0,0,1,0,0,0,0,0
tt3394510,6-5=2,2013.0,,Kannada,0,1,0,0,0,0,0,0,0,0,1,0,0,1,0,0,0,0,0,0,0
tt37535100,Bethlehem Kudumba Unit,2026.0,,Malayalam,0,0,0,0,1,0,1,0,0,0,0,0,0,0,0,1,0,0,0,0,0
tt12953548,Super Sharanya,2022.0,,Malayalam,0,0,0,0,1,0,0,0,0,0,0,0,0,0,0,1,0,0,0,0,0
tt32086077,All We Imagine as Light,2024.0,,Malayalam,0,0,0,0,0,0,1,0,0,0,0,0,0,0,0,1,0,0,0,0,0
tt35518410,Dridam,2026.0,,Malayalam,0,0,0,0,0,1,0,0,0,0,0,0,0,0,0,0,0,0,1,0,0
tt5525650,The Goat Life,2024.0,,Malayalam,0,1,0,0,0,0,1,0,0,0,0,0,0,0,0,0,0,0,0,0,0
tt29959401,Mollywood Times,2026.0,,Malayalam,0,0,0,0,1,0,1,0,0,0,0,0,0,0,0,0,0,0,0,0,0
tt35254624,Balan - The Boy,2026.0,,Malayalam,0,0,0,0,0,0,1,0,0,0,0,0,0,0,0,0,0,0,1,0,0
tt36628923,Sambhavam Adhyayam Onnu,2026.0,,Malayalam,0,0,0,0,0,0,1,0,1,0,0,0,0,0,0,0,0,0,1,0,0
tt33412884,Patriot,2026.0,,Malayalam,1,0,0,0,0,0,1,0,0,0,0,0,0,0,0,0,0,0,1,0,0
tt35668756,Kattalan,2026.0,,Malayalam,1,0,0,0,0,0,0,0,0,0,0,0,0,0,0,0,0,0,1,0,0
tt29383379,Marco,2024.0,,Malayalam,1,0,0,0,0,1,0,0,0,0,0,0,0,0,0,0,0,0,1,0,0
tt28288786,Premalu,2024.0,,Malayalam,0,0,0,0,1,0,0,0,0,0,0,0,0,0,0,1,0,0,0,0,0
tt33372494,Lokah Chapter 1: Chandra,2025.0,,Malayalam,1,1,0,0,0,0,0,0,1,0,0,0,0,0,0,0,0,0,0,0,0
tt38721131,Athiradi,2026.0,,Malayalam,0,0,0,0,1,0,1,0,0,0,0,0,0,0,0,0,0,0,0,0,0
tt27431598,Bramayugam,2024.0,,Malayalam,0,0,0,0,0,0,1,0,0,0,1,0,0,0,0,0,0,0,1,0,0
tt33245761,Vaazha II,2026.0,,Malayalam,0,0,0,0,1,0,1,0,0,0,0,0,0,0,0,0,0,0,0,0,0
tt37541677,Bharathanatyam 2 Mohiniyattam,2026.0,,Malayalam,0,0,0,0,1,0,0,0,0,0,0,0,0,0,0,0,0,0,1,0,0
tt8426964,Drama,2018.0,,Malayalam,0,0,0,0,1,0,0,0,0,0,0,0,0,0,0,0,0,0,0,0,0
tt14113634,Drishyam 3,2026.0,,Malayalam,0,0,0,0,0,1,1,0,0,0,0,0,0,0,0,0,0,0,1,0,0
tt15891956,Udal,2022.0,,Malayalam,0,0,0,0,0,0,1,0,0,0,0,0,0,0,0,0,0,0,1,0,0
tt38781091,Madhuvidhu,2026.0,,Malayalam,0,0,0,0,1,0,1,1,0,0,0,0,0,0,0,0,0,0,0,0,0
tt32362695,Sarvam Maya,2025.0,,Malayalam,0,0,0,0,1,0,0,1,0,0,0,0,0,0,0,0,0,0,0,0,0
tt33037773,Sumathi Valavu,2025.0,,Malayalam,0,0,0,0,1,0,1,0,0,0,1,0,0,0,0,0,0,0,0,0,0
tt36616410,Eko,2025.0,,Malayalam,0,0,0,0,0,0,1,0,0,0,0,0,0,1,0,0,0,0,0,0,0
tt11891870,Biriyaani,2021.0,,Malayalam,0,0,0,0,0,0,1,0,0,0,0,0,0,0,0,0,0,0,0,0,0
tt36302733,Diés Iraé,2025.0,,Malayalam,0,0,0,0,0,0,0,0,0,0,1,0,0,0,0,0,0,0,1,0,0
tt36457300,Prakambanam,2026.0,,Malayalam,0,0,0,0,1,0,0,0,0,0,1,0,0,0,0,0,0,0,0,0,0
tt37049996,Valathu Vashathe Kallan,2026.0,,Malayalam,0,0,0,0,0,1,1,0,0,0,0,0,0,0,0,0,0,0,1,0,0
tt25406500,Iratta,2023.0,,Malayalam,0,0,0,0,0,0,1,0,0,0,0,0,0,0,0,0,0,0,1,0,0
tt5886216,Veeram,2017.0,,Malayalam,1,0,0,0,0,0,1,0,0,1,0,0,0,0,0,0,0,0,0,0,0
tt25377618,Pranaya Vilasam,2023.0,,Malayalam,0,0,0,0,1,0,0,0,0,0,0,0,0,0,0,1,0,0,0,0,0
tt32592802,Bougainvillea,2024.0,,Malayalam,0,0,0,0,0,0,0,0,0,0,0,0,0,1,0,0,0,0,1,0,0
tt6613814,Solo,2017.0,,Malayalam,1,0,0,0,0,0,0,0,0,0,0,0,0,0,0,1,0,0,1,0,0
tt6688018,Pokkiri Simon,2017.0,,Malayalam,0,0,0,0,1,0,0,0,0,0,0,0,0,0,0,0,0,0,0,0,0
tt3282088,Idukki Gold,2013.0,,Malayalam,0,0,0,0,1,0,0,0,0,0,0,0,0,0,0,0,0,0,0,0,0
tt0460592,Udayon,2005.0,,Malayalam,0,0,0,0,0,0,1,0,0,0,0,0,0,0,0,0,0,0,0,0,0
tt6774092,Masterpiece,2017.0,,Malayalam,1,0,0,0,0,0,0,0,0,0,0,0,0,0,0,0,0,0,1,0,0
tt33500164,Kalamkaval,2025.0,,Malayalam,0,0,0,0,0,1,1,0,0,0,0,0,0,0,0,0,0,0,0,0,0
tt7402108,Uncle,2018.0,,Malayalam,0,0,0,0,0,0,1,0,0,0,0,0,0,0,0,0,0,0,1,0,0
tt5147626,The Painted House,2015.0,,Malayalam,0,0,0,0,0,0,1,0,0,0,0,0,0,1,0,0,0,0,0,0,0
tt6747224,Captain,2018.0,,Malayalam,0,0,0,0,0,0,1,0,0,0,0,0,0,0,0,0,0,0,0,0,0
tt0292123,Moonnam Mura,1988.0,,Malayalam,1,1,0,0,0,0,0,0,0,0,0,0,0,0,0,0,0,0,1,0,0
tt8142672,Aadu 3 Part 1,2026.0,,Malayalam,0,0,0,0,1,0,0,0,1,0,0,0,0,0,0,0,0,0,0,0,0
tt34388152,Officer on Duty,2025.0,,Malayalam,0,0,0,0,0,1,0,0,0,0,0,0,0,0,0,0,0,0,1,0,0
tt22037066,Malikappuram,2022.0,,Malayalam,1,0,0,0,0,0,1,0,0,0,0,0,0,0,0,0,0,0,0,0,0
tt32495687,Sookshmadarshini,2024.0,,Malayalam,0,0,0,0,1,0,0,0,0,0,0,0,0,1,0,0,0,0,1,0,0
tt4974192,Jamnapyari,2015.0,,Malayalam,0,1,0,0,1,0,0,0,0,0,0,0,0,0,0,0,0,0,0,0,0
tt15516546,Ela Veezha Poonchira,2022.0,,Malayalam,0,0,0,0,0,1,0,0,0,0,0,0,0,1,0,0,0,0,1,0,0
tt7699198,Oru Kuprasidha Payyan,2018.0,,Malayalam,0,0,0,0,0,0,0,0,0,0,0,0,0,1,0,0,0,0,1,0,0
tt15422244,Saudi Vellakka,2022.0,,Malayalam,0,0,0,0,0,0,1,0,0,0,0,0,0,0,0,0,0,0,0,0,0
tt34442799,Oru Durooha Saahacharyathil,2026.0,,Malayalam,0,0,0,0,1,0,0,0,0,0,0,0,0,0,0,0,0,0,1,0,0
tt7548570,Swathanthryam Ardharathriyil,2018.0,,Malayalam,1,0,0,0,0,0,0,0,0,0,0,0,0,0,0,0,0,0,1,0,0
tt15980138,Kishkindha Kaandam,2024.0,,Malayalam,0,1,0,0,0,0,1,0,0,0,0,0,0,1,0,0,0,0,1,0,0
tt6576288,Rakshadhikari Baiju (Oppu),2017.0,,Malayalam,0,0,0,0,1,0,1,0,0,0,0,0,0,0,0,0,0,0,0,0,0
tt8188872,Varathan,2018.0,,Malayalam,0,0,0,0,0,0,0,0,0,0,0,0,0,0,0,0,0,0,1,0,0
tt2157186,Mallu Singh,2012.0,,Malayalam,1,0,0,0,1,0,0,0,0,0,0,0,0,0,0,0,0,0,0,0,0
tt21238288,Palthu Janwar,2022.0,,Malayalam,0,0,0,0,1,0,1,0,0,0,0,0,0,0,0,0,0,0,0,0,0
tt0292095,Manu Uncle,1988.0,,Malayalam,0,1,0,0,0,0,0,1,0,0,0,0,0,0,0,0,0,0,0,0,0
tt5335724,King Liar,2016.0,,Malayalam,0,0,0,0,1,0,0,0,0,0,0,0,0,0,0,0,0,0,0,0,0
tt3000284,Honey Bee,2013.0,,Malayalam,1,0,0,0,1,0,0,0,0,0,0,0,0,0,0,0,0,0,0,0,0
tt7026666,Kurup,2021.0,,Malayalam,0,0,0,0,0,1,0,0,0,0,0,0,0,0,0,0,0,0,1,0,0
tt21071620,Pookkaalam,2023.0,,Malayalam,0,0,0,0,1,0,1,1,0,0,0,0,0,0,0,0,0,0,0,0,0
tt0356121,Thooval Kottaram,1996.0,,Malayalam,0,0,0,0,0,0,1,0,0,0,0,0,0,0,0,0,0,0,0,0,0
tt13711212,Guardian,2021.0,,Malayalam,0,0,0,0,0,1,0,0,0,0,0,0,0,0,0,0,0,0,1,0,0
tt14875116,Bro Daddy,2022.0,,Malayalam,0,0,0,0,1,0,1,1,0,0,0,0,0,0,0,0,0,0,0,0,0
tt32887317,Dominic and the Ladies' Purse,2025.0,,Malayalam,0,0,0,0,0,0,0,0,0,0,0,0,0,1,0,0,0,0,1,0,0
tt0308563,Mazhavilkavadi,1989.0,,Malayalam,0,0,0,0,0,0,1,0,0,0,0,0,0,0,0,1,0,0,0,0,0
tt7601308,Ira,2018.0,,Malayalam,0,0,0,0,0,1,0,0,0,0,0,0,0,0,0,0,0,0,1,0,0
tt13671954,Meow,2021.0,,Malayalam,0,0,0,0,1,0,1,0,0,0,0,0,0,0,0,0,0,0,0,0,0
tt3134214,Kadal Kadannu Oru Maathukutty,2013.0,,Malayalam,0,0,0,0,1,0,1,0,0,0,0,0,0,0,0,0,0,0,0,0,0
tt2773898,Red Wine,2013.0,,Malayalam,0,0,0,0,0,1,1,0,0,0,0,0,0,0,0,0,0,0,0,0,0
tt10452480,Kettiyollaanu Ente Maalakha,2019.0,,Malayalam,0,0,0,0,0,0,1,1,0,0,0,0,0,0,0,1,0,0,0,0,0
tt0324977,Allauddinum Albhutha Vilakkum,1979.0,,Malayalam,0,1,0,0,0,0,1,0,1,0,0,0,0,0,0,0,0,0,0,0,0
tt7146028,Maradona,2018.0,,Malayalam,1,0,0,0,1,0,0,0,0,0,0,0,0,0,0,0,0,0,1,0,0
tt0358295,Yathrakarude Sradhakku,2002.0,,Malayalam,0,0,0,0,0,0,1,1,0,0,0,0,0,0,0,0,0,0,0,0,0
tt6221000,Godha,2017.0,,Malayalam,0,0,0,0,1,0,1,0,0,0,0,0,0,0,0,0,0,0,0,0,0
tt0353615,Kasarkode Khaderbhai,1992.0,,Malayalam,0,0,0,0,1,0,1,0,0,0,0,0,0,0,0,0,0,0,0,0,0
tt0827770,Junior Senior,2005.0,,Malayalam,0,0,0,0,1,0,0,0,0,0,0,0,0,0,0,1,0,0,0,0,0
tt17501658,Antakshari,2022.0,,Malayalam,0,0,0,0,0,0,0,0,0,0,0,0,0,0,0,0,0,0,1,0,0
tt0271586,Kalikkalam,1990.0,,Malayalam,0,0,0,0,0,0,1,0,0,0,0,0,0,0,0,0,0,0,0,0,0
tt13342406,Aarkkariyam,2021.0,,Malayalam,0,0,0,0,0,0,1,0,0,0,0,0,0,0,0,0,0,0,0,0,0
tt5544762,Narendran Makan Jayakanthan Vaka,2001.0,,Malayalam,0,0,0,0,1,0,0,1,0,0,0,0,0,0,0,0,0,0,0,0,0
tt4511460,Aadu,2015.0,,Malayalam,0,0,0,0,1,0,0,0,0,0,0,0,0,0,0,0,0,0,0,0,0
tt8638640,June,2019.0,,Malayalam,0,0,0,0,0,0,1,1,0,0,0,0,0,0,0,0,0,0,0,0,0
tt0251972,Sainyam,1993.0,,Malayalam,0,0,0,0,0,0,1,0,0,0,0,0,0,0,0,0,0,0,0,1,0
tt3657658,Vedivazhipadu,2013.0,,Malayalam,0,0,0,0,1,0,0,0,0,0,0,0,0,0,0,0,0,0,0,0,0
tt15762830,Freedom Fight,2022.0,,Malayalam,0,0,0,0,0,0,1,0,0,0,0,0,0,0,0,0,0,0,0,0,0
tt1820707,The Thriller,2010.0,,Malayalam,0,0,0,0,0,1,0,0,0,0,0,0,0,0,0,0,0,0,1,0,0
tt4882694,KL10 Pathu,2015.0,,Malayalam,0,0,0,0,1,0,0,0,0,0,0,0,0,0,0,1,0,0,0,0,0
tt7268738,Minnal Murali,2021.0,,Malayalam,1,0,0,0,1,0,0,0,1,0,0,0,0,0,0,0,0,0,0,0,0
tt0924260,Notebook,2006.0,,Malayalam,0,0,0,0,0,0,1,1,0,0,0,0,0,0,0,0,0,0,0,0,0
tt9006564,2018,2023.0,,Malayalam,1,1,0,0,0,0,0,0,0,0,0,0,0,0,0,0,0,0,1,0,0
tt0319337,Ee Parakkum Thalika,2001.0,,Malayalam,0,0,0,0,1,0,0,0,0,0,0,0,0,0,0,0,0,0,0,0,0
tt20115138,Heaven,2022.0,,Malayalam,0,0,0,0,0,1,0,0,0,0,0,0,0,1,0,0,0,0,1,0,0
tt0236964,Akashadoothu,1993.0,,Malayalam,0,0,0,0,0,0,1,0,0,0,0,0,0,0,0,0,0,0,0,0,0
tt3720636,God's Own Country,2014.0,,Malayalam,0,0,0,0,0,0,1,0,0,0,0,0,0,0,0,0,0,0,1,0,0
tt6502580,Chunkzz,2017.0,,Malayalam,0,0,0,0,1,0,0,0,0,0,0,0,0,0,0,0,0,0,0,0,0
tt26458038,Manjummel Boys,2024.0,,Malayalam,0,1,0,0,0,0,1,0,0,0,0,0,0,0,0,0,0,0,1,0,0
tt0278616,Paavam Paavam Rajakumaran,1990.0,,Malayalam,0,0,0,0,1,0,1,0,0,0,0,0,0,0,0,1,0,0,0,0,0
tt0389337,Runway,2004.0,,Malayalam,1,0,0,0,0,0,0,0,0,0,0,0,0,0,0,0,0,0,0,0,0
tt0430735,Vesham,2004.0,,Malayalam,0,0,0,0,0,0,1,0,0,0,0,0,0,0,0,0,0,0,0,0,0
tt8635076,Johny Johny Yes Appa,2018.0,,Malayalam,0,0,0,0,1,0,1,0,0,0,0,0,0,0,0,0,0,0,0,0,0
tt10504752,Janamaithri,2019.0,,Malayalam,0,0,0,0,1,0,0,0,0,0,0,0,0,0,0,0,0,0,0,0,0
tt2795414,Ladies & Gentleman,2013.0,,Malayalam,0,0,0,0,1,0,0,0,0,0,0,0,0,0,0,1,0,0,0,0,0
tt0197294,Bhoothakkannadi,1997.0,,Malayalam,0,0,0,0,0,0,1,0,0,0,0,0,0,0,0,0,0,0,0,0,0
tt6315524,Take Off,2017.0,,Malayalam,0,0,0,0,0,0,1,0,0,0,0,0,0,0,0,0,0,0,1,1,0
tt2210993,Spanish Masala,2012.0,,Malayalam,0,0,0,0,1,0,0,0,0,0,0,0,0,0,0,1,0,0,0,0,0
tt4553712,Ennum Eppozhum,2015.0,,Malayalam,0,0,0,0,0,0,1,1,0,0,0,0,0,0,0,0,0,0,0,0,0
tt3164068,Salalah Mobiles,2014.0,,Malayalam,0,0,0,0,1,0,0,0,0,0,0,0,0,0,0,1,0,0,0,0,0
tt13421132,Sunny,2021.0,,Malayalam,0,0,0,0,0,0,1,0,0,0,0,0,0,0,0,0,0,0,0,0,0
tt9354674,Ganagandharvan,2019.0,,Malayalam,0,0,0,0,1,0,1,1,0,0,0,0,0,0,0,0,0,0,0,0,0
tt0355686,Lelam,1997.0,,Malayalam,1,0,0,0,0,0,0,0,0,0,0,0,0,0,0,0,0,0,0,0,0
tt26733635,Sulaikha Manzil,2023.0,,Malayalam,0,0,0,0,1,0,1,0,0,0,0,0,0,0,0,1,0,0,0,0,0
tt15263194,Shefeekkinte Santhosham,2022.0,,Malayalam,0,0,0,0,1,0,1,1,0,0,0,0,0,0,0,0,0,0,0,0,0
tt5237990,Munroe Island,2015.0,,Malayalam,0,0,0,0,0,0,1,0,0,0,0,0,0,0,0,0,0,0,0,0,0
tt0273313,Kochu Kochu Santhoshangal,2000.0,,Malayalam,0,0,0,0,1,0,1,1,0,0,0,0,0,0,0,0,0,0,0,0,0
tt14774434,Twenty One Grams,2022.0,,Malayalam,0,0,0,0,0,1,1,0,0,0,0,0,0,0,0,0,0,0,1,0,0
tt7581572,Sudani from Nigeria,2018.0,,Malayalam,0,0,0,0,1,0,1,1,0,0,0,0,0,0,0,0,0,0,0,0,0
tt6680730,Street Lights,2018.0,,Malayalam,0,0,0,0,0,1,0,0,0,0,0,0,0,0,0,0,0,0,1,0,0
tt4881242,Loham,2015.0,,Malayalam,1,0,0,0,0,0,0,0,0,0,0,0,0,0,0,0,0,0,1,0,0
tt6667268,Sherlock Toms,2017.0,,Malayalam,0,0,0,0,1,0,1,0,0,0,0,0,0,0,0,0,0,0,0,0,0
tt5906392,Thondimuthalum Driksakshiyum,2017.0,,Malayalam,0,0,0,0,1,0,1,0,0,0,0,0,0,0,0,0,0,0,1,0,0
tt7548378,Kaly,2018.0,,Malayalam,1,0,0,0,1,0,0,0,0,0,0,0,0,0,0,0,0,0,1,0,0
tt5632302,Karinkunnam 6's,2016.0,,Malayalam,0,0,0,0,0,0,1,0,0,0,0,0,0,0,0,0,0,0,0,0,0
tt5533990,Marubhoomiyile Aana,2016.0,,Malayalam,0,0,0,0,1,0,1,0,0,0,0,0,0,0,0,0,0,0,0,0,0
tt6200656,Kammara Sambhavam,2018.0,,Malayalam,0,0,0,0,0,0,0,0,0,0,0,0,0,0,0,0,0,0,1,0,0
tt0253873,Utharam,1989.0,,Malayalam,0,0,0,0,0,0,0,0,0,0,0,0,0,1,0,0,0,0,1,0,0
tt0363741,Kilichundan Mampazham,2003.0,,Malayalam,0,0,0,0,0,0,0,0,0,0,0,0,0,0,0,1,0,0,0,0,0
tt5821424,Thoppil Joppan,2016.0,,Malayalam,0,0,0,0,1,0,0,0,0,0,0,0,0,0,0,0,0,0,0,0,0
tt7959876,Vikadakumaran,2018.0,,Malayalam,0,0,0,0,1,0,0,0,0,0,0,0,0,0,0,0,0,0,1,0,0
tt5884834,My Story,2018.0,,Malayalam,0,0,0,0,0,0,0,0,0,0,0,0,0,0,0,1,0,0,0,0,0
tt7477108,Eeda,2018.0,,Malayalam,0,0,0,0,0,0,1,0,0,0,0,0,0,0,0,1,0,0,0,0,0
tt7372318,Shikkari Shambhu,2018.0,,Malayalam,0,0,0,0,1,0,0,0,0,0,0,0,0,0,0,0,0,0,1,0,0
tt28551273,Bha. Bha. Ba.,2025.0,,Malayalam,1,0,0,0,1,0,0,0,0,0,0,0,0,0,0,0,0,0,0,0,0
tt1904861,China Town,2011.0,,Malayalam,1,0,0,0,1,0,0,0,0,0,0,0,0,0,0,0,0,0,0,0,0
tt4679186,Nee-Na,2015.0,,Malayalam,0,0,0,0,0,0,1,0,0,0,0,0,0,0,0,1,0,0,0,0,0
tt0228808,Sallapam,1996.0,,Malayalam,0,0,0,0,0,0,1,0,0,0,0,0,0,0,0,0,0,0,0,0,0
tt1734414,Best of Luck,2010.0,,Malayalam,0,0,0,0,1,0,0,0,0,0,0,0,0,0,0,0,0,0,0,0,0
tt13717596,Bheemante Vazhi,2021.0,,Malayalam,0,0,0,0,1,0,1,0,0,0,0,0,0,0,0,0,0,0,0,0,0
tt12908508,John Luther,2022.0,,Malayalam,0,0,0,0,0,1,0,0,0,0,0,0,0,1,0,0,0,0,1,0,0
tt8286926,Njan Prakashan,2018.0,,Malayalam,0,0,0,0,1,0,0,0,0,0,0,0,0,0,0,0,0,0,0,0,0
tt6649794,Sunday Holiday,2017.0,,Malayalam,0,0,0,0,1,0,0,0,0,0,0,0,0,0,0,1,0,0,0,0,0
tt0237479,Mutharamkunnu P.O.,1985.0,,Malayalam,0,0,0,0,1,0,1,0,0,0,0,0,0,0,0,1,0,0,0,0,0
tt0271663,Nair Saab,1989.0,,Malayalam,0,0,0,0,0,0,1,0,0,0,0,0,0,0,0,0,0,0,0,0,0
tt0274104,Sreekrishnapurathu Nakshathrathilakkam,1998.0,,Malayalam,0,0,0,0,1,0,0,0,0,0,0,0,0,0,0,0,0,0,0,0,0
tt13519510,Wolf,2021.0,,Malayalam,0,0,0,0,0,1,0,0,0,0,0,0,0,0,0,0,0,0,0,0,0
tt15548354,Pakalum Paathiravum,2023.0,,Malayalam,1,0,0,0,0,0,0,0,0,0,0,0,0,0,0,0,0,0,1,0,0
tt6917966,Mohanlal,2018.0,,Malayalam,0,0,0,0,1,0,1,0,0,0,0,0,0,0,0,0,0,0,0,0,0
tt2610258,Bavuttiyude Namathil,2012.0,,Malayalam,0,0,0,0,1,0,1,0,0,0,0,0,0,0,0,0,0,0,0,0,0
tt13162144,Kaanekkaane,2021.0,,Malayalam,0,0,0,0,0,0,1,0,0,0,0,0,0,0,0,0,0,0,1,0,0
tt6689734,Aami,2018.0,,Malayalam,0,0,0,0,0,0,1,0,0,0,0,0,0,0,0,0,0,0,0,0,0
tt4974230,Urumbukal Urangarilla,2015.0,,Malayalam,0,0,0,0,0,0,1,0,0,0,0,0,0,0,0,0,0,0,1,0,0
tt0156072,Sreekrishna Parunthu,1984.0,,Malayalam,0,0,0,0,0,0,0,0,1,0,1,0,0,0,0,0,0,0,0,0,0
tt2407826,Husbands in Goa,2012.0,,Malayalam,0,0,0,0,1,0,0,0,0,0,0,0,0,0,0,0,0,0,0,0,0
tt34623207,Vyasanasametham Bandhumithradhikal,2025.0,,Malayalam,0,0,0,0,1,0,1,0,0,0,0,0,0,0,0,0,0,0,0,0,0
tt6860812,Aabhaasam,2018.0,,Malayalam,0,0,0,0,0,0,1,0,0,0,0,0,0,0,0,0,0,0,0,0,0
tt2550884,Lokpal,2013.0,,Malayalam,0,0,0,0,0,1,1,0,0,0,0,0,0,0,0,0,0,0,1,0,0
tt0317962,One Man Show,2001.0,,Malayalam,0,0,0,0,1,0,1,0,0,0,0,0,0,0,0,0,0,0,0,0,0
tt0255468,Pattabhishekam,1999.0,,Malayalam,0,0,0,0,1,0,1,0,0,0,0,0,0,0,0,1,0,0,0,0,0
tt5022424,Kohinoor,2015.0,,Malayalam,0,0,0,0,1,0,0,0,0,0,0,0,0,0,0,0,0,0,1,0,0
tt8091652,Irupathiyonnaam Noottaandu,2019.0,,Malayalam,1,1,0,0,0,0,1,0,0,0,0,0,0,0,0,0,0,0,0,0,0
tt37561290,Karakkam,2026.0,,Malayalam,0,0,0,0,1,0,0,0,0,0,1,0,0,0,0,0,0,0,0,0,0
tt4279684,Mili,2015.0,,Malayalam,0,0,0,0,0,0,1,0,0,0,0,0,0,0,0,0,0,0,0,0,0
tt1869385,Doubles,2011.0,,Malayalam,1,0,0,0,1,0,0,0,0,0,0,0,0,0,0,0,0,0,0,0,0
tt0246815,Nirakkoottu,1985.0,,Malayalam,0,0,0,0,0,0,1,0,0,0,0,0,0,0,0,0,0,0,0,0,0
tt5370488,Valleem Thetti Pulleem Thetti,2016.0,,Malayalam,0,0,0,0,1,0,0,0,0,0,0,0,0,0,0,1,0,0,0,0,0
tt5271432,Adi Kapyare Kootamani,2015.0,,Malayalam,0,0,0,0,1,0,0,0,0,0,0,0,0,0,0,0,0,0,1,0,0
tt7585540,Kuttanadan Marpappa,2018.0,,Malayalam,0,0,0,0,1,0,0,0,0,0,0,0,0,0,0,0,0,0,0,0,0
tt38792109,Bonolota Express,2026.0,,Bengali,0,0,0,0,1,0,1,1,0,0,0,0,0,0,0,0,0,0,0,0,0
tt13039008,Kill Shot,2023.0,,Bengali,1,0,0,0,0,0,0,0,0,0,0,0,0,0,0,0,0,0,0,0,0
tt4566934,Cosmic Sex,2015.0,,Bengali,0,0,0,0,0,0,1,0,0,0,0,0,0,0,0,1,0,0,0,0,0
tt1841611,Gandu,2010.0,,Bengali,0,0,0,0,0,0,1,0,0,0,0,0,0,0,0,0,0,0,0,0,0
tt9044418,MR-9: Do or Die,2023.0,,Bengali,1,0,0,0,0,0,1,0,0,0,0,0,0,0,0,0,0,0,1,0,0
tt6069520,Colkatay Columbus,2016.0,,Bengali,0,0,0,0,1,0,1,0,1,0,0,0,0,0,0,0,0,0,0,0,0
tt0420727,Lalon,2004.0,,Bengali,0,0,0,0,0,0,1,0,0,0,0,1,0,0,0,0,0,0,0,0,0
tt6190356,Live from Dhaka,2019.0,,Bengali,0,0,0,0,0,0,1,0,0,0,0,0,0,0,0,0,0,0,0,0,0
tt0048473,Pather Panchali,1955.0,,Bengali,0,0,0,0,0,0,1,0,0,1,0,0,0,0,0,0,0,0,0,0,0
tt0398846,Chandrokotha,2003.0,,Bengali,0,0,0,0,0,0,1,0,0,0,0,0,0,0,0,0,0,0,0,0,0
tt21281462,Poran,2022.0,,Bengali,0,0,0,0,0,0,1,0,0,0,0,0,0,0,0,1,0,0,0,0,0
tt10778840,Dwitiyo Purush,2020.0,,Bengali,0,0,0,0,0,0,1,0,0,0,0,0,0,1,0,0,0,0,1,0,0
tt0048956,Aparajito,1956.0,,Bengali,0,0,0,0,0,0,1,0,0,0,0,0,0,0,0,0,0,0,0,0,0
tt14775748,Rehana Maryam Noor,2021.0,,Bengali,0,0,0,0,0,0,1,0,0,0,0,0,0,0,0,0,0,0,0,0,0
tt2356426,Le Halua Le,2012.0,,Bengali,0,0,0,0,1,0,1,0,0,0,0,0,0,0,0,1,0,0,0,0,0
tt15964372,Aparajito,2022.0,,Bengali,0,0,0,0,0,0,1,0,0,1,0,0,0,0,0,0,0,0,0,0,0
tt2838554,Khokababu,2012.0,,Bengali,0,0,0,0,1,0,0,0,0,0,0,0,0,0,0,1,0,0,0,0,0
tt3754704,Buno Haansh,2014.0,,Bengali,0,0,0,0,0,1,0,0,0,0,0,0,0,0,0,0,0,0,1,0,0
tt9675282,Dispassionate Love,2018.0,,Bengali,0,0,0,0,0,0,1,0,0,0,0,0,0,0,0,0,0,0,0,0,0
tt0458178,Tintorettor Jishu,2008.0,,Bengali,0,0,0,0,0,1,0,0,0,0,0,0,0,1,0,0,0,0,1,0,0
tt0057935,Charulata,1964.0,,Bengali,0,0,0,0,0,0,1,0,0,0,0,0,0,0,0,1,0,0,0,0,0
tt0156645,Jiban Maran,1938.0,,Bengali,0,0,0,0,0,0,1,0,0,0,0,0,0,0,0,0,0,0,0,0,0
tt1390851,Sathi,2002.0,,Bengali,0,0,0,0,0,0,1,0,0,0,0,1,0,0,0,1,0,0,0,0,0
tt36293840,Taandob,2025.0,,Bengali,1,0,0,0,0,1,0,0,0,0,0,0,0,0,0,0,0,0,1,0,0
tt0052572,The World of Apu,1959.0,,Bengali,0,0,0,0,0,0,1,0,0,0,0,0,0,0,0,0,0,0,0,0,0
tt0255665,The Wrestlers,2000.0,,Bengali,1,0,0,0,0,0,1,0,0,0,0,0,0,0,0,0,0,0,0,0,0
tt11297214,Mission Extreme,2021.0,,Bengali,1,0,0,0,0,1,1,0,0,0,0,0,0,0,0,0,0,0,0,0,0
tt33305312,Borbaad,2025.0,,Bengali,1,0,0,0,0,0,0,0,0,0,0,0,0,0,0,1,0,0,0,0,0
tt4773084,Romeo,2011.0,,Bengali,0,0,0,0,1,0,1,0,0,0,0,0,0,0,0,1,0,0,0,0,0
tt4504922,Herogiri,2015.0,,Bengali,1,0,0,0,1,0,0,0,0,0,0,0,0,0,0,1,0,0,0,0,0
tt13845664,Janowar,2021.0,,Bengali,0,0,0,0,0,1,1,0,0,0,0,0,0,0,0,0,0,0,1,0,0
tt37034643,Utshob,2025.0,,Bengali,0,0,0,0,1,0,1,1,0,0,0,0,0,0,0,0,0,0,0,0,0
tt37660506,Lost Land,2026.0,,Bengali,0,0,0,0,0,0,1,0,0,0,0,0,0,0,0,0,0,0,0,0,0
tt0057277,The Big City,1963.0,,Bengali,0,0,0,0,0,0,1,0,0,0,0,0,0,0,0,0,0,0,0,0,0
tt2794316,Awara,2012.0,,Bengali,1,0,0,0,0,0,1,0,0,0,0,0,0,0,0,1,0,0,0,0,0
tt5513920,No Bed of Roses,2017.0,,Bengali,0,0,0,0,0,0,1,0,0,0,0,0,0,0,0,0,0,0,0,0,0
tt5291604,Swapnajaal,2018.0,,Bengali,0,0,0,0,0,0,1,0,0,0,0,0,0,0,0,1,0,0,0,0,0
tt15234108,Networker Baire,2021.0,,Bengali,0,1,0,0,0,0,1,0,0,0,0,0,0,0,0,1,0,0,0,0,0
tt6346982,Jonaki,2018.0,,Bengali,0,0,0,0,0,0,1,0,1,0,0,0,0,0,0,1,0,0,0,0,0
tt6789386,Posto,2017.0,,Bengali,0,0,0,0,0,0,1,1,0,0,0,0,0,0,0,0,0,0,0,0,0
tt29282270,Superman,1997.0,,Bengali,1,0,0,0,0,0,0,0,0,0,0,1,0,0,0,0,0,0,0,0,0
tt9348546,Cat Sticks,2019.0,,Bengali,0,0,0,0,0,0,1,0,0,0,0,0,0,0,0,0,0,0,0,0,0
tt6139026,Byomkesh O Chiriakhana,2016.0,,Bengali,0,0,0,0,0,0,0,0,0,0,0,0,0,0,0,0,0,0,1,0,0
tt18184122,Redrum,2022.0,,Bengali,0,0,0,0,0,1,0,0,0,0,0,0,0,0,0,0,0,0,1,0,0
tt0094069,Sukumar Ray,1987.0,,Bengali,0,0,0,0,0,0,0,0,0,0,0,0,0,0,0,0,0,0,0,0,0
tt0077775,The Elephant God,1979.0,,Bengali,0,0,0,0,0,1,0,0,0,0,0,0,0,1,0,0,0,0,1,0,0
tt30415138,Toofan,2024.0,,Bengali,1,0,0,0,0,1,0,0,0,0,0,0,0,0,0,0,0,0,0,0,0
tt28218009,Surongo,2023.0,,Bengali,0,0,0,0,0,0,0,0,0,0,0,0,0,1,0,0,0,0,1,0,0
tt8995696,Rooting for Roona,2020.0,,Bengali,0,0,0,0,0,0,0,0,0,0,0,0,0,0,0,0,0,0,0,0,0
tt5354160,Mirror Game,2016.0,,Bengali,0,0,0,0,0,1,0,0,0,0,0,0,0,1,0,0,0,0,1,0,0
tt2881034,Proloy,2013.0,,Bengali,0,0,0,0,0,1,1,0,0,0,0,0,0,0,0,0,0,0,0,0,0
tt21742176,Shuklopokkho,2022.0,,Bengali,0,0,0,0,0,0,0,0,0,0,0,0,0,1,0,1,0,0,1,0,0
tt34936199,Daagi,2025.0,,Bengali,1,0,0,0,0,0,1,0,0,0,0,0,0,0,0,1,0,0,0,0,0
tt5510934,The Unnamed,2016.0,,Bengali,0,0,0,0,0,0,1,0,0,0,0,0,0,0,0,0,0,0,0,0,0
tt8147262,Made in Bangladesh,2019.0,,Bengali,0,0,0,0,0,0,1,0,0,0,0,0,0,0,0,0,0,0,0,0,0
tt6520954,Debi,2018.0,,Bengali,0,0,0,0,0,0,1,0,0,0,0,0,0,1,0,0,0,0,0,0,0
tt4328756,Ebar Shabor,2015.0,,Bengali,0,0,0,0,0,0,0,0,0,0,0,0,0,0,0,0,0,0,1,0,0
tt14407884,Mujib: The Making of a Nation,2023.0,,Bengali,0,0,0,0,0,0,1,0,0,1,0,0,0,0,0,0,0,0,0,1,0
tt14852420,The Dark Side of Dhaka,2021.0,,Bengali,0,0,0,0,0,1,1,0,0,0,0,0,0,0,0,0,0,0,1,0,0
tt2136956,Gorosthane Sabdhan,2010.0,,Bengali,0,0,0,0,0,0,0,0,0,0,0,0,0,1,0,0,0,0,0,0,0
tt0086103,Phatik Chand,1983.0,,Bengali,0,0,0,0,0,0,0,0,0,0,0,0,0,0,0,0,0,0,0,0,0
tt5141042,Shudhu Tomari Jonyo,2015.0,,Bengali,0,0,0,0,0,0,1,0,0,0,0,0,0,0,0,1,0,0,0,0,0
tt3724898,Ludo,2015.0,,Bengali,0,0,0,0,0,0,0,0,0,0,1,0,0,0,0,0,0,0,0,0,0
tt0366304,Chokher Bali,2003.0,,Bengali,0,0,0,0,0,0,1,0,0,0,0,0,0,0,0,1,0,0,0,0,0
tt5534436,Dhaka Attack,2017.0,,Bengali,1,1,0,0,0,0,1,0,0,0,0,0,0,0,0,0,0,0,1,0,0
tt0097409,An Enemy of the People,1990.0,,Bengali,0,0,0,0,0,0,1,0,0,0,0,0,0,0,0,0,0,0,0,0,0
tt30889542,Domm,2026.0,,Bengali,1,0,0,0,0,0,1,0,0,0,0,0,0,0,0,0,0,0,1,0,0
tt26230118,Mission Extreme 2: Black War,2023.0,,Bengali,1,0,0,0,0,0,0,0,0,0,0,0,0,0,0,0,0,0,0,0,0
tt3812238,Bachchan,2014.0,,Bengali,1,0,0,0,1,0,1,0,0,0,0,0,0,0,0,0,0,0,0,0,0
tt11963736,Dracula Sir,2020.0,,Bengali,0,0,0,0,0,0,0,0,0,0,0,0,0,0,0,0,0,0,1,0,0
tt4067066,Amar Ache Jol,2008.0,,Bengali,0,0,0,0,0,0,1,1,0,0,0,0,0,0,0,0,0,0,0,0,0
tt10928202,Hawa,2022.0,,Bengali,0,0,0,0,0,0,1,0,1,0,0,0,0,1,0,0,0,0,0,0,0
tt3843088,Labour of Love,2015.0,,Bengali,0,0,0,0,0,0,1,0,0,0,0,0,0,0,0,0,0,0,0,0,0
tt4948632,Rajkahini,2015.0,,Bengali,0,0,0,0,0,0,1,0,0,1,0,0,0,0,0,0,0,0,0,0,0
tt3313734,Are You Listening!,2012.0,,Bengali,0,0,0,0,0,0,0,0,0,0,0,0,0,0,0,0,0,0,0,0,0
tt2580150,Hawa Bodol,2013.0,,Bengali,0,0,0,0,1,0,0,0,0,0,0,0,0,0,0,0,0,0,0,0,0
tt8374266,Guptodhoner Sondhane,2018.0,,Bengali,0,1,0,0,0,0,0,0,0,1,0,0,0,1,0,0,0,0,1,0,0
tt4059646,Noy Number Bipod Shongket,2007.0,,Bengali,0,0,0,0,1,0,0,1,0,0,0,0,0,0,0,0,0,0,0,0,0
tt0059417,The Holy Man,1965.0,,Bengali,0,0,0,0,1,0,1,0,0,0,0,0,0,0,0,0,0,0,0,0,0
tt10217550,Vinci Da,2019.0,,Bengali,0,0,0,0,0,1,0,0,0,0,0,0,0,1,0,0,0,0,1,0,0
tt5125414,Amazon Obhijaan,2017.0,,Bengali,1,1,0,0,0,0,0,0,0,0,0,0,0,0,0,0,0,0,1,0,0
tt5232308,Zulfiqar,2016.0,,Bengali,0,0,0,0,0,1,1,0,0,0,0,0,0,0,0,0,0,0,1,0,0
tt7166310,Dhananjoy,2017.0,,Bengali,0,0,0,0,0,0,1,0,0,0,0,0,0,0,0,0,0,0,0,0,0
tt7994188,Aschhe Abar Shabor,2018.0,,Bengali,1,0,0,0,0,1,1,0,0,0,0,0,0,0,0,0,0,0,1,0,0
tt1496834,Poran Jaye Jolia Re,2009.0,,Bengali,1,1,0,0,0,0,0,0,0,0,0,0,0,0,0,1,0,0,0,0,0
tt3028362,Sound,2013.0,,Bengali,0,0,0,0,0,0,1,0,0,0,0,0,0,0,0,0,0,0,0,0,0
tt1521223,Iti Mrinalini,2011.0,,Bengali,0,0,0,0,0,0,1,0,0,0,0,0,0,0,0,0,0,0,0,0,0
tt6923834,Chalbaaz,2018.0,,Bengali,0,0,0,0,1,0,1,0,0,0,0,0,0,0,0,0,0,0,0,0,0
tt0105519,Their Story,1992.0,,Bengali,0,0,0,0,0,0,1,0,0,0,0,0,0,0,0,0,0,0,0,0,0
tt0061474,The Zoo,1967.0,,Bengali,0,1,0,0,0,1,1,0,0,0,0,0,0,0,0,0,0,0,0,0,0
tt0239251,Bariwali,2000.0,,Bengali,0,0,0,0,0,0,1,0,0,0,0,0,0,0,0,0,0,0,0,0,0
tt7822320,Ek Je Chhilo Raja,2018.0,,Bengali,0,0,0,0,0,0,0,0,0,1,0,0,0,1,0,0,0,0,1,0,0
tt2133312,Royal Bengal Rahasya,2011.0,,Bengali,0,0,0,0,0,0,0,0,0,0,0,0,0,0,0,0,0,0,1,0,0
tt0154182,Avatar,1941.0,,Bengali,0,0,0,0,0,0,0,0,0,0,0,0,0,0,0,0,0,0,0,0,0
tt0080341,In Search of Famine,1981.0,,Bengali,0,0,0,0,0,0,1,0,0,0,0,0,0,0,0,0,0,0,0,0,0
tt22462104,Punorjonmo 3,2022.0,,Bengali,0,0,0,0,0,0,0,0,0,0,0,0,0,1,0,0,0,0,1,0,0
tt5354262,Chorabali,2016.0,,Bengali,0,0,0,0,0,1,1,0,0,0,0,0,0,1,0,0,0,0,0,0,0
tt13356580,Mainkar Chipay,2020.0,,Bengali,0,0,0,0,0,0,0,0,0,0,0,0,0,0,0,0,0,0,1,0,0
tt4265964,Badshahi Angti,2014.0,,Bengali,0,0,0,0,0,0,0,0,0,0,0,0,0,1,0,0,0,0,1,0,0
tt7166042,The Yeti Adventure,2017.0,,Bengali,0,1,0,0,0,0,0,0,0,0,0,0,0,0,0,0,0,0,1,0,0
tt0084198,Kharij,1982.0,,Bengali,0,0,0,0,0,0,1,0,0,0,0,0,0,0,0,0,0,0,0,0,0
tt2266600,Hemlock Society,2012.0,,Bengali,0,0,0,0,0,0,0,0,0,0,0,0,0,0,0,1,0,0,1,0,0
tt20244430,Feludar Goyendagiri: Darjeeling Jawmjawmaat,2022.0,,Bengali,0,1,0,0,0,1,0,0,0,0,0,0,0,1,0,0,0,0,0,0,0
tt10834986,Gumnaami,2019.0,,Bengali,1,0,0,0,0,0,1,0,0,1,0,0,0,0,0,0,0,0,0,0,0
tt3276862,C/O Sir,2013.0,,Bengali,0,0,0,0,0,1,0,0,0,0,0,0,0,0,0,0,0,0,1,0,0
tt2403809,Abar Byomkesh,2012.0,,Bengali,0,0,0,0,0,0,0,0,0,0,0,0,0,1,0,0,0,0,0,0,0
tt0332699,Mondo Meyer Upakhyan,2002.0,,Bengali,0,0,0,0,0,0,1,0,0,0,0,0,0,0,0,0,0,0,0,0,0
tt2551650,Jekhane Bhooter Bhoy,2012.0,,Bengali,0,1,0,0,0,0,0,0,0,0,1,0,0,0,0,0,0,0,0,0,0
tt1399178,Challenge,2009.0,,Bengali,1,0,0,0,1,0,1,0,0,0,0,0,0,0,0,0,0,0,0,0,0
tt3329526,Ashchorjyo Prodeep,2013.0,,Bengali,0,0,0,0,1,0,1,0,0,0,0,0,0,0,0,0,0,0,0,0,0
tt11200922,Ghawre Bairey Aaj,2019.0,,Bengali,0,0,0,0,0,0,1,0,0,0,0,0,0,0,0,0,0,0,0,0,0
tt1737156,Dui Prithibi,2010.0,,Bengali,0,1,0,0,0,0,1,0,0,0,0,0,0,0,0,1,0,0,0,0,0
tt0454391,Antarmahal,2005.0,,Bengali,0,0,0,0,0,0,1,0,0,0,0,0,0,0,0,0,0,0,0,0,0
tt5304172,Har Har Byomkesh,2015.0,,Bengali,1,0,0,0,0,0,0,0,0,0,0,0,0,0,0,0,0,0,1,0,0
tt8364356,Haami,2018.0,,Bengali,0,0,0,0,0,0,1,0,0,0,0,0,0,0,0,0,0,0,0,0,0
tt0055055,A Soft Note on a Sharp Scale,1961.0,,Bengali,0,0,0,0,0,0,1,0,0,0,0,1,0,0,0,0,0,0,0,0,0
tt12915842,Zombivli,2022.0,,Marathi,0,0,0,0,1,0,1,0,0,0,1,0,0,0,0,0,0,0,0,0,0
tt31390893,Raja Shivaji,2026.0,,Marathi,1,0,0,0,0,0,1,0,0,1,0,0,0,0,0,0,0,0,0,0,0
tt20854842,Ved,2022.0,,Marathi,0,0,0,0,0,0,1,0,0,0,0,0,0,0,0,1,0,0,0,0,0
tt0028217,Sant Tukaram,1936.0,,Marathi,0,0,0,0,0,0,1,0,0,0,0,0,0,0,0,0,0,0,0,0,0
tt29310002,Cactus Pears,2025.0,,Marathi,0,0,0,0,0,0,1,0,0,0,0,0,0,0,0,1,0,0,0,0,0
tt7458920,Faster Fene,2017.0,,Marathi,0,0,0,0,0,0,1,0,0,0,0,0,0,0,0,0,0,0,1,0,0
tt3850798,Lai Bhaari,2014.0,,Marathi,1,0,0,0,0,0,1,1,0,0,0,0,0,0,0,0,0,0,0,0,0
tt0155174,Shyamchi Aai,1953.0,,Marathi,0,0,0,0,0,0,1,0,0,0,0,0,0,0,0,0,0,0,0,0,0
tt4019578,Rege,2014.0,,Marathi,0,0,0,0,0,1,1,0,0,0,0,0,0,0,0,0,0,0,1,0,0
tt11423784,The Disciple,2020.0,,Marathi,0,0,0,0,0,0,1,0,0,0,0,1,0,0,0,0,0,0,0,0,0
tt7886846,Bucket List,2018.0,,Marathi,0,0,0,0,1,0,1,0,0,0,0,0,0,0,0,0,0,0,0,0,0
tt26541225,Aatmapamphlet,2023.0,,Marathi,0,0,0,0,1,0,0,0,0,0,0,0,0,0,0,1,0,0,0,0,0
tt7867076,Aapla Manus,2018.0,,Marathi,0,0,0,0,0,0,1,0,0,0,0,0,0,1,0,0,0,0,1,0,0
tt9817300,15 August,2019.0,,Marathi,0,0,0,0,1,0,0,0,0,0,0,0,0,0,0,1,0,0,0,0,0
tt11423818,Pawankhind,2022.0,,Marathi,0,0,0,0,0,0,1,0,0,1,0,0,0,0,0,0,0,0,0,1,0
tt21048424,Y,2022.0,,Marathi,0,0,0,0,0,0,0,0,0,0,0,0,0,0,0,0,0,0,1,0,0
tt10483684,About Love,2020.0,,Marathi,0,0,0,0,0,0,0,0,0,0,0,0,0,0,0,0,0,0,0,0,0
tt9130246,Naal,2018.0,,Marathi,0,0,0,0,0,0,1,0,0,0,0,0,0,0,0,0,0,0,0,0,0
tt1630235,De Dhakka,2008.0,,Marathi,0,0,0,0,1,0,1,1,0,0,0,0,0,0,0,0,0,0,0,0,0
tt3121604,Duniyadari,2013.0,,Marathi,0,0,0,0,1,0,1,0,0,0,0,0,0,0,0,1,0,0,0,0,0
tt8621438,Anandi Gopal,2019.0,,Marathi,0,0,0,0,0,0,1,0,0,0,0,0,0,0,0,0,0,0,0,0,0
tt24082466,Against the Tide,2023.0,,Marathi,0,0,0,0,0,0,0,0,0,0,0,0,0,0,0,0,0,0,0,0,0
tt2385227,Sunrise,2014.0,,Marathi,0,0,0,0,0,0,1,0,0,0,0,0,0,0,0,0,0,0,0,0,0
tt22489564,Har Har Mahadev,2022.0,,Marathi,0,0,0,0,0,0,1,0,0,1,0,0,0,0,0,0,0,0,0,1,0
tt10419042,AB aani CD,2020.0,,Marathi,0,0,0,0,0,0,0,0,0,0,0,0,0,0,0,0,0,0,0,0,0
tt24516518,Vaalvi,2023.0,,Marathi,0,0,0,0,1,1,1,0,0,0,0,0,0,0,0,0,0,0,1,0,0
tt19879660,Dharmaveer,2022.0,,Marathi,1,0,0,0,0,1,1,0,0,0,0,0,0,0,0,0,0,0,0,0,0
tt1213838,Valu,2008.0,,Marathi,0,0,0,0,1,0,0,0,0,0,0,0,0,0,0,0,0,0,0,0,0
tt15554914,Baipan Bhari Deva,2023.0,,Marathi,0,0,0,0,1,0,1,1,0,0,0,0,0,0,0,0,0,0,0,0,0
tt1149199,Aga Bai Arechya,2004.0,,Marathi,0,0,0,0,1,0,0,1,0,0,0,0,0,0,0,0,0,0,0,0,0
tt1929373,Balgandharva,2011.0,,Marathi,0,0,0,0,0,0,1,0,0,0,0,0,0,0,0,0,0,0,0,0,0
tt2343847,Zenda,2009.0,,Marathi,0,0,0,0,0,0,1,0,0,0,0,0,0,0,0,0,0,0,1,0,0
tt0984056,Kay Dyache Bola,2005.0,,Marathi,0,0,0,0,1,1,0,0,0,0,0,0,0,0,0,0,0,0,0,0,0
tt0233979,Zapatlela,1993.0,,Marathi,0,0,0,0,1,0,0,0,0,0,1,0,0,0,0,0,0,0,0,0,0
tt0003311,Raja Harishchandra,1913.0,,Marathi,0,0,0,0,0,0,1,0,0,1,0,0,0,0,0,0,0,0,0,0,0
tt9310280,Mulshi Pattern,2018.0,,Marathi,0,0,0,0,0,1,0,0,0,0,0,0,0,0,0,0,0,0,0,0,0
tt0273707,Dangerous,2000.0,,Marathi,0,0,0,0,1,0,0,0,0,0,0,0,0,0,0,0,0,0,1,0,0
tt10556876,And What Is the Summer Saying?,2018.0,,Marathi,0,0,0,0,0,0,0,0,0,0,0,0,0,0,0,0,0,0,0,0,0
tt23554698,Gharat Ganpati,2024.0,,Marathi,0,0,0,0,0,0,1,1,0,0,0,0,0,0,0,0,0,0,0,0,0
tt1483762,The Damned Rain,2009.0,,Marathi,0,0,0,0,0,0,0,0,0,0,0,0,0,0,0,0,0,0,0,0,0
tt8037610,Gulabjaam,2018.0,,Marathi,0,0,0,0,1,0,1,0,0,0,0,0,0,0,0,0,0,0,0,0,0
tt17274522,Sher Shivraj,2022.0,,Marathi,1,0,0,0,0,0,1,0,0,1,0,0,0,0,0,0,0,0,0,0,0
tt35661996,Dashavatar,2025.0,,Marathi,0,1,0,0,0,0,1,0,0,0,0,0,0,0,0,0,0,0,1,0,0
tt7155460,Muramba,2017.0,,Marathi,0,0,0,0,0,0,1,1,0,0,0,0,0,0,0,0,0,0,0,0,0
tt2022444,Kshanbhar Vishranti,2010.0,,Marathi,0,0,0,0,0,0,0,0,0,0,0,0,0,0,0,0,0,0,0,0,0
tt11737772,Chal Mera Putt 2,2020.0,,Panjabi,0,0,0,0,1,0,1,0,0,0,0,0,0,0,0,0,0,0,0,0,0
tt4139928,The Legend of Maula Jatt,2022.0,,Panjabi,1,0,0,0,0,0,1,0,1,0,0,0,0,0,0,0,0,0,0,0,0
tt14670276,Lekh,2022.0,,Panjabi,0,0,0,0,0,0,1,0,0,0,0,0,0,0,0,1,0,0,0,0,0
tt14011954,Jinne Jamme Saare Nikamme,2021.0,,Panjabi,0,0,0,0,1,0,0,0,0,0,0,0,0,0,0,0,0,0,0,0,0
tt7189558,Vekh Baraatan Challiyan,2017.0,,Panjabi,0,0,0,0,1,0,0,0,0,0,0,0,0,0,0,0,0,0,0,0,0
tt7762982,Sajjan Singh Rangroot,2018.0,,Panjabi,1,0,0,0,0,0,1,0,0,0,0,0,0,0,0,0,0,0,0,1,0
tt10623524,Chal Mera Putt,2019.0,,Panjabi,0,0,0,0,1,0,1,0,0,0,0,0,0,0,0,0,0,0,0,0,0
tt2334779,Qissa: The Tale of a Lonely Ghost,2013.0,,Panjabi,0,0,0,0,0,0,1,0,0,0,0,0,0,0,0,0,0,0,0,0,0
tt16728368,Jaggi,2022.0,,Panjabi,0,0,0,0,0,0,1,0,0,0,0,0,0,0,0,0,0,0,0,0,0
tt11720440,Carry On Jatta 3,2023.0,,Panjabi,0,0,0,0,1,0,1,0,0,0,0,0,0,0,0,0,0,0,0,0,0
tt8665634,Qismat,2018.0,,Panjabi,0,0,0,0,1,0,1,0,0,0,0,0,0,0,0,1,0,0,0,0,0
tt9390254,Guddiyan Patole,2019.0,,Panjabi,0,0,0,0,1,0,1,0,0,0,0,0,0,0,0,0,0,0,0,0,0
tt8983218,Shadaa,2019.0,,Panjabi,0,0,0,0,1,0,0,0,0,0,0,1,0,0,0,1,0,0,0,0,0
tt8850698,Kala Shah Kala,2019.0,,Panjabi,0,0,0,0,1,0,0,0,0,0,0,0,0,0,0,0,0,0,0,0,0
tt22179374,Babe Bhangra Paunde Ne,2022.0,,Panjabi,0,0,0,0,1,0,0,0,0,0,0,0,0,0,0,0,0,0,0,0,0
tt2805974,Jatts in Golmaal,2013.0,,Panjabi,0,0,0,0,0,0,0,0,0,0,0,0,0,0,0,0,0,0,0,0,0
tt21480388,Yaar Mera Titliaan Warga,2022.0,,Panjabi,0,0,0,0,1,0,0,0,0,0,0,0,0,0,0,0,0,0,0,0,0
tt29456689,Ni Main Sass Kuttni 2,2024.0,,Panjabi,0,0,0,0,1,0,1,0,0,0,0,0,0,0,0,0,0,0,0,0,0
tt10084190,Chandigarh Amritsar Chandigarh,2019.0,,Panjabi,0,0,0,0,1,0,1,0,0,0,0,0,0,0,0,1,0,0,0,0,0
tt7202976,Jora 10 Numbaria,2017.0,,Panjabi,1,0,0,0,0,0,1,0,0,0,0,0,0,0,0,0,0,0,0,0,0
tt27368317,Maurh,2023.0,,Panjabi,0,0,0,0,0,0,1,0,0,1,0,0,0,0,0,0,0,0,0,0,0
tt14598754,Honsla Rakh,2021.0,,Panjabi,0,0,0,0,1,0,1,0,0,0,0,0,0,0,0,1,0,0,0,0,0
tt6882872,Lahoriye,2017.0,,Panjabi,0,0,0,0,1,0,1,0,0,1,0,0,0,0,0,1,0,0,0,0,0
tt33044997,Illti,2025.0,,Panjabi,0,0,0,0,1,0,1,0,0,0,0,0,0,0,0,0,0,0,0,0,0
tt5701172,Sardaarji 2,2016.0,,Panjabi,0,1,0,0,1,0,0,0,0,0,0,0,0,0,0,0,0,0,0,0,0
tt2714664,Singh vs Kaur,2013.0,,Panjabi,1,0,0,0,1,0,1,0,0,0,0,0,0,0,0,0,0,0,0,0,0
tt11173106,Sufna,2020.0,,Panjabi,0,0,0,0,0,0,1,0,0,0,0,0,0,0,0,1,0,0,0,0,0
tt11497834,Circus of Life,2020.0,,Panjabi,0,0,0,0,0,0,1,0,0,0,0,0,0,0,0,0,0,0,0,0,0
tt29063558,Jatt & Juliet 3,2024.0,,Panjabi,0,0,0,0,1,0,0,0,0,0,0,0,0,0,0,1,0,0,0,0,0
tt2771898,Lucky Di Unlucky Story,2013.0,,Panjabi,0,0,0,0,1,0,1,0,0,0,0,0,0,0,0,0,0,0,0,0,0
tt2949246,Fer Mamla Gadbad Gadbad,2013.0,,Panjabi,0,0,0,0,1,0,0,0,0,0,0,0,0,0,0,1,0,0,0,0,0
tt5891348,Super Singh,2017.0,,Panjabi,1,0,0,0,1,0,0,0,1,0,0,0,0,0,0,0,0,0,0,0,0
tt2215348,Best of Luck,2013.0,,Panjabi,0,0,0,0,1,0,0,0,0,0,0,0,0,0,0,0,0,0,0,0,0
tt9176254,Band Vaaje,2019.0,,Panjabi,0,0,0,0,1,0,1,0,0,0,0,0,0,0,0,0,0,0,0,0,0
tt6705612,Manje Bistre,2017.0,,Panjabi,0,0,0,0,1,0,1,0,0,0,0,0,0,0,0,0,0,0,0,0,0
tt4080386,Sardaarji,2015.0,,Panjabi,0,0,0,0,1,0,0,0,1,0,0,0,0,0,0,0,0,0,0,0,0
tt14230846,Saunkan Saunkne,2022.0,,Panjabi,0,0,0,0,1,0,1,0,0,0,0,0,0,0,0,1,0,0,0,0,0
tt10463422,DSP Dev,2019.0,,Panjabi,1,1,0,0,0,0,0,0,0,0,0,0,0,0,0,0,0,0,0,0,0
tt3732110,Jatt James Bond,2014.0,,Panjabi,0,0,0,0,1,0,1,0,0,0,0,0,0,0,0,0,0,0,1,0,0
tt0251144,International Gorillay,1990.0,,Panjabi,1,0,0,0,0,0,0,0,0,0,0,1,0,0,0,0,0,0,0,0,0
tt9681686,Last Film Show,2022.0,,Gujarati,0,0,0,0,0,0,1,0,0,0,0,0,0,0,0,0,0,0,0,0,0
tt26674497,Hello,2023.0,,Gujarati,0,0,0,0,0,1,0,0,0,0,0,0,0,0,0,0,0,0,1,0,0
tt26331750,Vash,2023.0,,Gujarati,0,0,0,0,0,0,0,0,0,0,1,0,0,0,0,0,0,0,1,0,0
tt35529436,Vash Level 2,2025.0,,Gujarati,0,0,0,0,0,0,0,0,0,0,1,0,0,0,0,0,0,0,1,0,0
tt37956153,Laalo: Krishna Sada Sahaayate,2025.0,,Gujarati,0,0,0,0,0,0,1,1,0,0,0,0,0,0,0,0,0,0,0,0,0
tt23556594,Faati Ne?,2025.0,,Gujarati,0,0,0,0,1,0,0,0,0,0,1,0,0,0,0,0,0,0,0,0,0
tt7580570,Love Ni Bhavai,2017.0,,Gujarati,0,0,0,0,1,0,1,0,0,0,0,0,0,0,0,1,0,0,0,0,0
tt9610262,Chaal Jeevi Laiye!,2019.0,,Gujarati,0,0,0,0,1,0,1,0,0,0,0,0,0,0,0,0,0,0,0,0,0
tt5090740,Famous in Ahmedabad,2015.0,,Gujarati,0,0,0,0,1,0,1,0,0,0,0,0,0,0,0,0,0,0,0,0,0
tt3037260,The Good Road,2013.0,,Gujarati,0,0,0,0,0,0,1,0,0,0,0,0,0,0,0,0,0,0,0,0,0
tt5580778,Saawan,2016.0,,Urdu,0,0,0,0,0,0,1,0,0,0,0,0,0,0,0,0,0,0,1,0,0
tt3945864,Yalghaar,2017.0,,Urdu,1,1,0,0,0,0,1,0,0,0,0,0,0,0,0,0,0,0,1,1,0
tt5539376,3 Bahadur: The Revenge of Baba Balaam,2016.0,,Urdu,1,1,1,0,0,0,0,1,1,0,0,0,0,0,0,0,0,0,0,0,0
tt4590482,Karachi Se Lahore,2015.0,,Urdu,0,1,0,0,1,0,0,1,0,0,0,0,0,0,0,1,0,0,0,0,0
tt2140039,Josh: Independence Through Unity,2013.0,,Urdu,0,0,0,0,0,1,1,0,0,0,0,0,0,1,0,0,0,0,1,0,0
tt19719976,Joyland,2022.0,,Urdu,0,0,0,0,0,0,1,0,0,0,0,0,0,0,0,1,0,0,0,0,0
tt5986440,The Glassworker,2024.0,,Urdu,0,0,1,0,0,0,0,1,0,0,0,0,0,0,0,1,0,0,0,1,0
tt7715988,Cake,2018.0,,Urdu,0,0,0,0,1,0,1,0,0,0,0,0,0,1,0,1,0,0,0,0,0
tt5026204,Dobara Phir Se,2016.0,,Urdu,0,0,0,0,0,0,1,0,0,0,0,0,0,0,0,1,0,0,0,0,0
tt9141128,The Donkey King,2018.0,,Urdu,0,0,1,0,1,0,0,1,0,0,0,0,0,0,0,0,0,0,0,0,0
tt3905074,Mulhapar,2014.0,,Urdu,0,0,0,0,0,0,0,0,0,0,0,0,0,0,0,0,0,0,0,0,0
tt7976502,Pari,2018.0,,Urdu,0,0,0,0,0,0,0,0,0,0,1,0,0,0,0,0,0,0,0,0,0
tt19355940,Kamli,2022.0,,Urdu,0,0,0,0,0,0,0,0,0,0,0,0,0,1,0,0,0,0,1,0,0
tt5370442,Balu Mahi,2017.0,,Urdu,0,1,0,0,1,0,1,0,0,0,0,0,0,0,0,1,0,0,0,0,0
tt0183306,Jinnah,1998.0,,Urdu,0,0,0,0,0,0,1,0,0,1,0,0,0,0,0,0,0,0,0,1,0
tt8581366,Load Wedding,2018.0,,Urdu,0,0,0,0,1,0,1,0,0,0,0,0,0,0,0,0,0,0,0,0,0
tt7301070,Na Maloom Afraad 2,2017.0,,Urdu,0,0,0,0,1,1,0,0,0,0,0,0,0,0,0,0,0,0,1,0,0
tt28289742,John,2023.0,,Urdu,0,0,0,0,0,1,0,0,0,0,0,0,0,0,0,0,0,0,1,0,0
tt0887973,Hell's Ground,2007.0,,Urdu,1,1,0,0,0,0,0,0,0,0,1,0,0,0,0,0,1,0,0,0,0
tt4635548,Wrong No.,2015.0,,Urdu,0,0,0,0,1,0,0,0,0,0,0,0,0,0,0,1,0,0,0,0,0
tt0360232,Zinda Laash (The Living Corpse),1967.0,,Urdu,0,0,0,0,0,1,1,0,0,0,1,0,0,0,0,0,0,0,0,0,0
tt4489562,My Pure Land,2018.0,,Urdu,0,0,0,0,0,0,1,0,0,0,0,0,0,0,0,0,0,0,0,0,0
tt5995340,Ek Thi Marium,2016.0,,Urdu,0,0,0,0,0,0,1,0,0,0,0,0,0,0,0,0,0,0,0,0,0
tt0152148,Razia Sultan,1983.0,,Urdu,0,0,0,0,0,0,1,0,0,1,0,0,0,0,0,0,0,0,0,0,0
tt9373234,Laal Kabootar,2019.0,,Urdu,0,0,0,0,0,1,0,0,0,0,0,0,0,0,0,0,0,0,1,0,0
tt27470830,In Flames,2023.0,,Urdu,0,0,0,0,0,0,1,0,0,0,1,0,0,0,0,0,0,0,0,0,0
tt8043306,Teefa in Trouble,2018.0,,Urdu,1,0,0,0,1,1,1,0,0,0,0,0,0,0,0,0,0,0,0,0,0
tt7955106,Allahyar and the Legend of Markhor,2018.0,,Urdu,0,1,1,0,0,0,0,1,0,0,0,0,0,0,0,0,0,0,0,0,0
tt3175888,Dukhtar,2014.0,,Urdu,0,0,0,0,0,0,1,0,0,0,0,0,0,0,0,0,0,0,1,0,0
tt5597198,Punjab Nahi Jaungi,2017.0,,Urdu,0,0,0,0,1,0,0,0,0,0,0,0,0,0,0,1,0,0,0,0,0
tt5297140,Lahore Se Aagey,2016.0,,Urdu,0,1,0,0,1,0,0,0,0,0,0,0,0,0,0,1,0,0,0,0,0
tt1842446,Good Morning Karachi,2013.0,,Urdu,0,0,0,0,0,0,1,0,0,0,0,0,0,0,0,0,0,0,0,0,0
tt6011432,The School Bag,2016.0,,Urdu,0,0,0,0,0,0,1,1,0,0,0,0,0,0,0,0,0,0,0,0,0
tt0250059,Towers of Silence,1975.0,,Urdu,0,0,0,0,0,0,1,0,0,0,0,0,0,0,0,0,0,0,0,0,0
tt8972488,Widow of Silence,2018.0,,Urdu,0,0,0,0,0,0,1,0,0,0,0,0,0,0,0,0,0,0,0,0,0
tt8614336,The Evil Marriage,2019.0,,Urdu,0,1,1,0,0,0,0,0,1,0,1,0,0,0,0,0,0,0,0,0,0
tt8338978,Hello Arsi,2018.0,,Oriya,0,0,0,0,0,0,1,0,0,0,0,0,0,0,0,0,0,0,0,0,0
tt9010522,Aamis,2019.0,,Assamese,0,0,0,0,0,0,1,0,0,0,0,0,0,0,0,1,0,0,0,0,0
tt7297966,Village Rockstars,2018.0,,Assamese,0,0,0,0,0,0,1,0,0,0,0,0,0,0,0,0,0,0,0,0,0
tt8659050,Bulbul Can Sing,2019.0,,Assamese,0,0,0,0,0,0,1,0,0,0,0,0,0,0,0,0,0,0,0,0,0
tt12244270,BOB,2016.0,,Nepali,0,0,0,0,0,0,0,0,0,0,0,0,0,0,0,0,0,0,1,0,0
tt30804400,Shambhala,2024.0,,Nepali,0,0,0,0,0,0,1,0,0,0,0,0,0,0,0,0,0,0,0,0,0
tt2210657,Highway,2012.0,,Nepali,0,0,0,0,0,0,1,0,0,0,0,0,0,0,0,0,0,0,0,0,0
tt7305634,Mr. Jholay,2018.0,,Nepali,0,0,0,0,0,0,1,0,0,0,0,0,0,0,0,0,0,0,0,0,0
tt1999130,Death Zone: Cleaning Mount Everest,2018.0,,Nepali,0,0,0,0,0,0,0,0,0,0,0,0,0,0,0,0,0,0,0,0,0
tt5093808,Gothalo,1996.0,,Nepali,0,0,0,0,0,0,1,0,0,0,0,0,0,0,0,1,0,0,0,0,0
tt3103326,Manakamana,2013.0,,Nepali,0,0,0,0,0,0,0,0,0,0,0,0,0,0,0,0,0,0,0,0,0
tt6940696,Pahuna: The Little Visitors,2017.0,,Nepali,0,0,0,0,0,0,1,0,0,0,0,0,0,0,0,0,0,0,0,0,0
tt36692871,Unko Sweater,2025.0,,Nepali,0,0,0,0,0,0,1,0,0,0,0,1,0,0,0,1,0,0,0,0,0
tt1719631,Six Strands,2011.0,,Nepali,0,0,0,0,0,0,1,0,0,0,0,0,0,1,0,0,0,0,0,0,0
tt6501192,Hostel,2013.0,,Nepali,0,0,0,0,1,0,1,0,0,0,0,0,0,0,0,0,0,0,0,0,0
tt7229666,Chhakka Panja 2,2017.0,,Nepali,0,0,0,0,1,0,1,0,0,0,0,0,0,0,0,0,0,0,0,0,0
